keyword,position,previous_position,volume_per_month,keyword_difficulty,url
cooling tower approach formula,30,30,140,11,https://winequipments.com/engineering-tools/cooling-tower-calculator.html
air receiver,33,33,880,10,https://www.winequipments.com/products/air_receiver.html
tr calculation formula,37,37,210,7,https://winequipments.com/engineering-tools/chiller-tonnage-calculator.html
efficacy tech equipments llp,20,20,170,7,https://winequipments.com/
cooling tower range,31,31,170,17,https://winequipments.com/engineering-tools/cooling-tower-calculator.html
air reservoir,36,36,140,15,https://www.winequipments.com/products/air_receiver.html
cooling tower capacity,40,40,390,9,https://winequipments.com/engineering-tools/cooling-tower-calculator.html
aftercooler,30,30,110,17,https://www.winequipments.com/products/aftercooler.html
chiller tr calculation formula,45,45,210,7,https://winequipments.com/engineering-tools/chiller-tonnage-calculator.html
