keyword,position,previous_position,volume,cpc,url,competition,results
cooling tower approach formula,30,30,140,0.0,https://winequipments.com/engineering-tools/cooling-tower-calculator.html,0.01,131
air receiver,33,33,880,0.48,https://www.winequipments.com/products/air_receiver.html,0.05,184
tr calculation formula,37,37,210,0.0,https://winequipments.com/engineering-tools/chiller-tonnage-calculator.html,0.33,128
efficacy tech equipments llp,20,20,170,0.0,https://winequipments.com/,0.02,108
cooling tower range,31,31,170,0.36,https://winequipments.com/engineering-tools/cooling-tower-calculator.html,0.02,127
how to calculate cooling tower capacity,33,33,110,0.0,https://winequipments.com/engineering-tools/cooling-tower-calculator.html,0.02,0
air reservoir,36,36,140,0.43,https://www.winequipments.com/products/air_receiver.html,0.08,138
cooling tower capacity,40,40,390,0.44,https://winequipments.com/engineering-tools/cooling-tower-calculator.html,0.03,129
aftercooler,30,30,110,0.0,https://www.winequipments.com/products/aftercooler.html,0.33,133
chiller tr calculation formula,45,45,210,0.0,https://winequipments.com/engineering-tools/chiller-tonnage-calculator.html,0.02,176
