keyword,avg_monthly_searches_range,competition
air compressor filter manufacturers in india,10-100,High
air dryer manufacturers in bangalore,10-100,High
air dryer manufacturers in chennai,10-100,High
air dryer manufacturers in coimbatore,10-100,High
air dryer manufacturers in india,10-100,Medium
air dryer suppliers in india,10-100,Medium
air receiver tank manufacturers in bangalore,10-100,High
air receiver tank manufacturers in chennai,10-100,High
air receiver tank manufacturers in coimbatore,10-100,Low
air dryer brands,10-100,Low
air dryer manufacturer in ahmedabad,10-100,Medium
air dryer manufacturer in delhi,10-100,High
air dryer manufacturers,10-100,Medium
air dryer manufacturers in mumbai,10-100,High
air dryer manufacturers in pune,10-100,High
air dryer supplier,10-100,Medium
cooling tower in chennai,10-100,Medium
cooling tower in coimbatore,10-100,Medium
cooling tower manufacturers in bangalore,10-100,Medium
cooling tower manufacturers in chennai,10-100,Medium
cooling tower manufacturers in coimbatore,100-1k,Medium
cooling tower manufacturers in india,100-1k,Medium
cooling tower manufacturers in tamilnadu,10-100,Medium
cooling tower service in chennai,10-100,Low
cooling tower service in coimbatore,10-100,
cooling tower supplier near me,10-100,High
cooling tower suppliers in chennai,10-100,Medium
cooling tower suppliers in india,100-1k,Medium
desiccant air dryer manufacturers in india,10-100,Low
frp cooling tower manufacturers in india,10-100,Low
heat exchanger companies in india,100-1k,Medium
heat exchanger company in chennai,10-100,
heat exchanger in coimbatore,10-100,High
heat exchanger manufacturers in bangalore,10-100,Low
heat exchanger manufacturers in chennai,100-1k,Medium
heat exchanger manufacturers in coimbatore,100-1k,Low
heat exchanger manufacturers in india,1k-10k,Low
heat exchanger manufacturers in tamilnadu,10-100,Medium
heat exchanger manufacturers near me,10-100,Medium
heat exchanger suppliers in india,1k-10k,Low
ice flake machine manufacturers in india,10-100,High
industrial chiller manufacturers in bangalore,100-1k,Medium
industrial chiller manufacturers in chennai,10-100,High
industrial chiller manufacturers in india,10-100,Low
industrial chiller repair near me,10-100,Low
industrial chiller service near me,10-100,Medium
industrial chiller suppliers in india,10-100,High
industrial water chiller manufacturers in chennai,10-100,Low
laser chiller repair near me,10-100,Low
plate heat exchanger in chennai,10-100,High
process chiller manufacturers in india,10-100,High
refrigerated air dryer manufacturers in coimbatore,10-100,High
refrigerated air dryer manufacturers in india,10-100,High
shell and tube heat exchanger manufacturer in india,100-1k,Low
shell and tube heat exchanger manufacturers in chennai,10-100,Low
shell and tube heat exchanger suppliers in india,10-100,High
water chiller manufacturer in india,100-1k,Medium
water chiller manufacturers in bangalore,100-1k,Low
water chiller manufacturers in chennai,10-100,Low
water chiller manufacturers near me,10-100,Low
water chiller supplier in india,10-100,
water cooled chiller manufacturers in india,10-100,Medium
air dryer capacity,10-100,Low
air dryer capacity calculation,10-100,Low
air dryer specification,10-100,Medium
air receiver tank capacity,10-100,Low
air receiver tank capacity calculation,10-100,Low
air receiver tank capacity in litres,10-100,Low
air receiver tank manufacturers,100-1k,Low
air receiver tank manufacturers in ahmedabad,10-100,Low
air receiver tank manufacturers in pune,10-100,High
air receiver tank size calculation,10-100,Low
air receiver tank supplier,100-1k,Low
air receiver tank volume calculator,10-100,Low
auto drain valve manufacturers,10-100,Medium
chiller capacity calculation,100-1k,Low
chiller capacity range,10-100,Low
closed circuit cooling tower calculations,10-100,
closed circuit cooling tower design,10-100,
closed circuit cooling tower vs open circuit cooling tower,10-100,
closed loop cooling tower manufacturers,10-100,Low
compressed air dryer manufacturers,10-100,Medium
compressed air dryer sizing,10-100,
compressed air dryer sizing calculation,10-100,
compressed air dryer types,10-100,High
compressed air filter manufacturers,10-100,Low
compressed air filter size,10-100,Low
compressed air filter supplier,10-100,Low
compressed air filter types,10-100,High
compressor air filter suppliers,10-100,High
cooling tower capacity,100-1k,Low
cooling tower capacity calculation,100-1k,Low
cooling tower capacity calculation formula,10-100,Low
cooling tower capacity calculator online,10-100,Low
cooling tower capacity in m3/hr,10-100,Low
cooling tower capacity in tr,100-1k,Low
cooling tower capacity in tr formula,10-100,Low
cooling tower companies,100-1k,Medium
cooling tower manufacturer in ahmedabad,100-1k,High
cooling tower manufacturer in delhi,100-1k,High
cooling tower manufacturer in gujarat,10-100,Medium
cooling tower manufacturer in pune,100-1k,High
cooling tower manufacturers,100-1k,Medium
cooling tower manufacturers in hyderabad,10-100,High
cooling tower supplier in pune,100-1k,High
cooling tower suppliers,100-1k,Low
cooling tower tonnage calculator,10-100,Low
cooling tower types,1k-10k,Low
desiccant air dryer manufacturers,10-100,Low
diy refrigerated air dryer,10-100,Low
dry cooler manufacturers,10-100,Low
dry cooler sizing,10-100,
dry cooler vs air cooled chiller,10-100,Low
dry cooler vs cooling tower,10-100,Low
dry cooler vs fluid cooler,10-100,Low
aftercooler core,10-100,Low
aftercooler for air compressor,100-1k,Low
aftercooler in compressor,10-100,Low
air dryer,1k-10k,Medium
air dryer fan,10-100,Low
air dryer for compressor,1k-10k,High
air dryer for food,100-1k,High
air dryer machine,1k-10k,Medium
air dryer problems,10-100,Low
air dryer process,10-100,Low
air receiver tank,1k-10k,Medium
air receiver tank auto drain valve,100-1k,High
air receiver tank safety valve,100-1k,Medium
auto drain valve manufacturers coimbatore,10-100,Low
auto drain valve manufacturers from india,10-100,High
chiller manufacturers in coimbatore,10-100,Low
compressed air dryer manufacturers in india,10-100,Low
compressed air filter manufacturers in india,10-100,Low
cooling tower fills manufacturers in chennai,10-100,High
cooling tower manufacturer coimbatore,100-1k,Medium
cooling tower manufacturer near me,100-1k,High
heat exchanger capacity,10-100,Low
heat exchanger capacity calculation,10-100,Low
heat exchanger capacity formula,10-100,Low
heat exchanger how does it work,10-100,Low
heat exchanger types,1k-10k,Low
how does a compressed air dryer work,10-100,Low
how does a dry cooler work,10-100,Low
how does a shell and tube heat exchanger work,10-100,Low
how does an industrial chiller work,10-100,Low
how much is an air dryer,10-100,Low
how to calculate air receiver tank capacity,10-100,Low
how to design shell and tube heat exchanger,10-100,Low
how to install air receiver tank,0-10,
how to make a compressed air dryer,10-100,
how to make a desiccant air dryer,10-100,
how to make ice flakes,10-100,Low
how to make shell and tube heat exchanger,10-100,
how to size air receiver tank,10-100,Low
maximum chiller capacity,10-100,Low
shell and tube heat exchanger design,100-1k,Low
shell and tube heat exchanger design calculations,10-100,Low
shell and tube heat exchanger size,10-100,Low
shell and tube heat exchanger types,100-1k,Low
stalker 2 cooling tower how to get down,0-10,
water chiller capacity,10-100,Low
auto drain valve function,10-100,Medium
automatic drain valve,1k-10k,High
automatic drain valve for air compressor,100-1k,High
automatic drain valve for air tank,10-100,High
automatic drain valve for compressor,100-1k,High
automatic drain valve for water system,10-100,High
chiller for industrial use,10-100,High
clear anodizing process,10-100,Low
closed circuit cooling tower,10-100,Low
compressed air dryer,1k-10k,High
compressed air dryer system,10-100,High
compressed air dryers and filters,10-100,High
compressed air filter,1k-10k,High
compressed air filter dryer,100-1k,High
compressed air filter element,10-100,High
compressed air filter regulator,100-1k,High
compressed air filter regulator combo,10-100,Low
compressed air filter regulator lubricator,10-100,Low
compressed air filter system,10-100,Low
cooling tower,10k-100k,Medium
cooling tower applications,10-100,Low
cooling tower details,10-100,Low
cooling tower explained,10-100,Low
cooling tower fills,1k-10k,High
cooling tower fins,100-1k,Medium
cooling tower frp structure,10-100,High
cooling tower tonnage,10-100,
cooling tower top view,10-100,Low
desiccant air dryer,100-1k,Medium
desiccant air dryer atlas copco,10-100,High
desiccant air dryer beads,10-100,Low
desiccant air dryer for compressor,10-100,High
desiccant air dryer system,10-100,High
do i need a filter on my air compressor,10-100,Medium
dry cooler,100-1k,Low
dry cooler tower,100-1k,Low
dry cooler without water,10-100,High
frp cooling tower,100-1k,Medium
frp cooling tower supplier,100-1k,Medium
frp round cooling tower,10-100,Low
frp square cooling tower,10-100,Low
heat exchanger,10k-100k,Low
heat exchanger details,10-100,Low
heat exchanger examples,10-100,Low
heat exchanger explained,10-100,Low
heat exchanger manufacturer,1k-10k,Low
heat exchanger manufacturer in kolkata,10-100,High
heat exchanger manufacturer in pune,100-1k,Low
heat exchanger manufacturers in ahmedabad,100-1k,Low
heat exchanger parts,100-1k,Low
heat exchanger shell and tube,1k-10k,Low
heat exchanger supplier,100-1k,Medium
how does a refrigerated air dryer work,10-100,Low
how much does an air dryer cost,10-100,Low
how to size a refrigerated air dryer,0-10,
ice flake machine,100-1k,High
ice flake machine for sale,10-100,Medium
industrial chiller,100-1k,Medium
industrial chiller machine,10-100,High
industrial chiller manufacturers,100-1k,Low
industrial chiller manufacturers in ahmedabad,10-100,Medium
industrial chiller manufacturers in hyderabad,10-100,Medium
industrial chiller manufacturers in pune,10-100,Medium
industrial chiller supplier,100-1k,Low
industrial process chiller manufacturers,10-100,Low
industrial water chiller manufacturers,100-1k,Low
introduction to shell and tube heat exchanger,10-100,
laser chiller,10-100,Low
laser chiller 5200,10-100,High
laser chiller repair,10-100,Low
laser chiller temperature,10-100,Low
laser chiller water,10-100,Low
laser chiller water pump,10-100,Low
m square cooling tower,10-100,Low
milk chiller,100-1k,Low
milk chiller machine,100-1k,High
milk chiller manufacturers,10-100,Low
milk chiller plant,100-1k,Medium
process chiller,100-1k,Low
process chiller manufacturers,10-100,Medium
process chiller rental,10-100,
refrigerated air dryer,1k-10k,Low
refrigerated air dryer for compressor,100-1k,Low
refrigerated air dryer manufacturers,10-100,Medium
refrigerated air dryer supplier,10-100,Medium
refrigerated air dryer working,10-100,Low
round cooling tower,10-100,Low
round shape cooling tower,10-100,Low
round type cooling tower,10-100,High
shell and tube heat exchanger,1k-10k,Low
shell and tube heat exchanger cost estimation,10-100,Low
shell and tube heat exchanger example,10-100,
shell and tube heat exchanger manufacturer,100-1k,Low
shell and tube heat exchanger manufacturers in pune,10-100,High
shell and tube heat exchanger supplier,10-100,Low
square cooling tower,10-100,Low
square cooling tower co. ltd,10-100,
square shape cooling tower,10-100,Low
water chiller,1k-10k,High
water chiller 2 ton,100-1k,High
water chiller capacity calculation,10-100,Low
water chiller for industrial use,10-100,High
water chiller machine,1k-10k,High
water chiller manufacturer in ahmedabad,10-100,Medium
water chiller manufacturers,100-1k,Low
water chiller manufacturers in pune,10-100,Medium
water chiller plant,100-1k,High
water chiller supplier,100-1k,Low
water chiller supplier in qatar,0-10,
water cooled chiller capacity range,10-100,Low
water cooled chiller interview questions,10-100,Low
what is a compressed air dryer,10-100,
what is a desiccant air dryer,10-100,Low
what is a dry cooler,10-100,Low
what is a process chiller,10-100,Low
what is a refrigerated air dryer,10-100,
what is a refrigerated air dryer used for,10-100,
what is air receiver tank,10-100,Low
what is an aftercooler,10-100,Low
what is an air dryer,10-100,Low
what is an industrial chiller,10-100,Low
what is auto drain valve,10-100,Low
what is flake ice,10-100,Low
what is frp cooling tower,10-100,Low
what is shell and tube heat exchanger,10-100,Low
