batch,keyword,volume_india,difficulty_index,cpc_usd,results,intent_code
chiller_terms_2026-10-09,chiller,12100,49,0.29,20,1
chiller_terms_2026-10-09,chiller machine,2900,36,0.24,188,1
chiller_terms_2026-10-09,chiller manufacturers,480,20,0.42,197,1
chiller_terms_2026-10-09,chiller manufacturer,480,20,0.42,197,1
chiller_terms_2026-10-09,chiller price,590,4,0.14,173,3
chiller_terms_2026-10-09,chiller machine price,320,16,0.19,197,3
chiller_terms_2026-10-09,water chiller price,110,10,0.2,190,3
chiller_terms_2026-10-09,water chiller machine price,20,0,0.07,0,
chiller_terms_2026-10-09,industrial chiller,720,14,0.36,195,0
chiller_terms_2026-10-09,industrial water chiller,140,12,0.33,193,"1,3"
chiller_terms_2026-10-09,process chiller,140,12,0.39,132,1
chiller_terms_2026-10-09,process chiller manufacturers,10,0,0.42,0,
chiller_terms_2026-10-09,air cooled chiller,2900,37,0.33,118,1
chiller_terms_2026-10-09,air cooled water chiller,140,24,0.34,194,1
chiller_terms_2026-10-09,water cooled chiller,1600,41,0.26,187,"1,0"
chiller_terms_2026-10-09,chiller manufacturers in india,320,20,0.46,115,0
chiller_terms_2026-10-09,chiller company in india,320,20,0.44,133,0
chiller_terms_2026-10-09,mini chiller,260,10,0.07,197,"1,0"
chiller_terms_2026-10-09,chiller cost,20,0,0.12,0,
chiller_terms_2026-10-09,chiller supplier,20,0,0.7,0,
shell_water_industrial_terms_2026-10-09,shell and tube heat exchanger,8100,28,0.38,131,1
shell_water_industrial_terms_2026-10-09,shell and tube heat exchanger manufacturer,90,0,0.6,0,
shell_water_industrial_terms_2026-10-09,shell and tube heat exchanger manufacturers in india,390,7,0.42,130,0
shell_water_industrial_terms_2026-10-09,shell and tube heat exchanger design,210,18,0.45,130,1
shell_water_industrial_terms_2026-10-09,heat exchanger types,5400,23,0.39,131,1
shell_water_industrial_terms_2026-10-09,water chiller,2900,24,0.16,195,0
shell_water_industrial_terms_2026-10-09,industrial water chiller,140,12,0.33,193,"1,3"
shell_water_industrial_terms_2026-10-09,industrial chiller,720,14,0.39,195,0
shell_water_industrial_terms_2026-10-09,cooling tower types,3600,23,0.32,124,1
shell_water_industrial_terms_2026-10-09,compressed air dryer,2400,19,0.44,195,1
shell_water_industrial_terms_2026-10-09,air dryer for compressor,2400,19,0.44,195,1
shell_water_industrial_terms_2026-10-09,compressed air filter,1900,26,0.17,193,1
shell_water_industrial_terms_2026-10-09,desiccant air dryer,320,16,0.42,191,1
coimbatore_terms_2026-10-10,water chiller manufacturers in coimbatore,0,,,,
coimbatore_terms_2026-10-10,chiller manufacturers in coimbatore,40,,,,
coimbatore_terms_2026-10-10,industrial chiller manufacturers in coimbatore,0,,,,
coimbatore_terms_2026-10-10,chiller manufacturer in coimbatore,40,,,,
coimbatore_terms_2026-10-10,water chiller coimbatore,,,,,
water_chiller_related_2026-10-09,chilled water,4400,,0.0,182,
water_chiller_related_2026-10-09,chiller machine,2900,,0.24,188,
water_chiller_related_2026-10-09,chiller application,1900,,0.1,126,
water_chiller_related_2026-10-09,water cooled chiller,1600,41,0.26,187,
water_chiller_related_2026-10-09,water chiller machine,1300,4,0.09,164,
water_chiller_related_2026-10-09,chiller industrial,720,,0.36,195,
water_chiller_related_2026-10-09,chiller unit,720,,0.32,122,
water_chiller_related_2026-10-09,chiller price,590,4,0.14,173,
water_chiller_related_2026-10-09,cooling machine,590,,0.07,192,
water_chiller_related_2026-10-09,chilled water system,480,,0.21,180,
water_chiller_related_2026-10-09,chiller daikin,480,,0.43,170,
water_chiller_related_2026-10-09,chiller manufacturers,480,,0.42,197,
water_chiller_related_2026-10-09,water chiller manufacturers,480,,0.37,197,
water_chiller_related_2026-10-09,water cooled chiller diagram,480,,0.31,115,
water_chiller_related_2026-10-09,chiller company in india,320,,0.44,133,
water_chiller_related_2026-10-09,chiller machine price,320,,0.19,197,
water_chiller_related_2026-10-09,water chiller machine 1000 liter price,320,,0.2,165,
water_chiller_related_2026-10-09,2 ton chiller price,260,,0.19,139,
water_chiller_related_2026-10-09,chiller pump,260,,0,184,
water_chiller_related_2026-10-09,mini chiller,260,,0.07,197,
water_chiller_related_2026-10-09,2 ton water chiller price,210,,0.21,151,
water_chiller_related_2026-10-09,chill water,210,,0,189,
water_chiller_related_2026-10-09,chiller carrier,210,,0.41,132,
water_chiller_related_2026-10-09,chiller cooler,210,,0.19,188,
