phrase,volume_india,cpc_usd,intent_code,difficulty_index
axial fan,4400,0.08,1,21
ac axial fan,210,0.07,"1,0",17
axial flow fan,880,0.26,1,7
axial fan price,210,0.06,3,3
axial fan manufacturers,140,0.32,0,8
cooling tower fan,1900,0.02,1,27
cooling tower fan price,110,0.03,0,30
cooling tower fan blade,140,0,0,17
cooling tower fan manufacturers,20,0.27,,0
dry cooler,720,0.04,1,17
dry cooler price,210,0.01,0,20
dry cooler manufacturers,30,0,,0
aftercooler,110,0,1,12
air compressor aftercooler,10,0,,0
air cooled aftercooler,30,0,,0
automatic drain valve for air compressor,720,0.25,0,11
auto drain valve,1600,0.1,"1,0",8
electronic drain valve,10,0,,0
chiller spare parts,10,0,,0
chiller compressor,590,0.46,"1,0",12
chiller condenser,260,0.34,1,13
cooling tower motor,260,0,1,6
drift eliminator,260,0,"1,3",9
cooling tower nozzle,260,0.18,0,8
pvc fill,30,0,,0
