country,clicks,impressions,ctr,position
ind,26,665,0.0391,9.36
nzl,1,2,0.5,3.5
are,0,12,0,22
arm,0,1,0,1
aus,0,7,0,43
bel,0,1,0,79
bgd,0,3,0,22.67
bhr,0,1,0,9
bra,0,1,0,8
brb,0,1,0,5
can,0,16,0,40.25
chn,0,2,0,10
col,0,2,0,5.5
cri,0,1,0,2
egy,0,1,0,1
esp,0,3,0,29.67
fji,0,1,0,1
fra,0,6,0,85.33
gbr,0,40,0,48.08
grc,0,1,0,12
hkg,0,1,0,7
hrv,0,1,0,2
hun,0,1,0,9
idn,0,8,0,9.75
irl,0,1,0,9
isr,0,1,0,67
ita,0,1,0,3
ken,0,2,0,4
kor,0,4,0,16
lka,0,1,0,10
lux,0,1,0,83
mex,0,1,0,2
mmr,0,1,0,84
mys,0,7,0,7.43
nld,0,7,0,45.43
npl,0,2,0,4
omn,0,3,0,7.33
pak,0,5,0,6.2
per,0,1,0,24
phl,0,9,0,3.56
pol,0,1,0,2
pri,0,1,0,5
qat,0,1,0,2
rus,0,3,0,19
sau,0,4,0,3.5
sgp,0,1,0,1
sur,0,1,0,1
swe,0,1,0,1
tha,0,3,0,2.33
tur,0,2,0,3.5
twn,0,1,0,24
usa,0,124,0,33.25
ven,0,1,0,1
zaf,0,5,0,24
