query,page,clicks,impressions,ctr,position
win equipments,https://winequipments.com/,7,34,0.2059,1.82
coil cooler for dg set,https://winequipments.com/industries/diesel-gensets-power.html,1,3,0.3333,8
cooling tower manufacturers in coimbatore,https://winequipments.com/products/square-cooling-towers.html,1,4,0.25,14.5
tr calculation formula,https://winequipments.com/blog/how-to-size-a-process-chiller.html,1,10,0.1,8
0.01 micron air filter,https://winequipments.com/products/compressed-air-filters.html,0,1,0,1
3.75 kw,https://winequipments.com/engineering-tools/air-dryer-sizing.html,0,1,0,2
45,https://winequipments.com/engineering-tools/air-dryer-sizing.html,0,1,0,1
5 bar,https://winequipments.com/engineering-tools/air-dryer-sizing.html,0,1,0,2
air,https://winequipments.com/blog/automatic-drain-valve-guide.html,0,1,0,2
air compressor auto drain valve,https://winequipments.com/blog/automatic-drain-valve-guide.html,0,2,0,43
air cooled liquid chiller,https://winequipments.com/blog/air-cooled-vs-water-cooled-chiller.html,0,2,0,21
air cooled water chiller,https://winequipments.com/blog/air-cooled-vs-water-cooled-chiller.html,0,1,0,32
air dryer capacity calculation,https://winequipments.com/engineering-tools/air-dryer-sizing.html,0,1,0,9
air dryer manufacturers in coimbatore,https://winequipments.com/,0,2,0,16.5
air dryer manufacturers in coimbatore,https://winequipments.com/index.html,0,1,0,18
air dryers dealer in bangalore,https://winequipments.com/locations/bangalore-compressed-air-dryers.html,0,1,0,13
air dryers supplier in bangalore,https://winequipments.com/locations/bangalore-compressed-air-dryers.html,0,3,0,9
air moisture separator,https://winequipments.com/blog/moisture-separator-guide.html,0,3,0,9.33
all,https://winequipments.com/blog/cooling-tower-range-approach-wet-bulb.html,0,1,0,3
ant international,https://winequipments.com/blog/glossary.html,0,1,0,4
applications of shell and tube heat exchanger,https://winequipments.com/blog/shell-and-tube-heat-exchanger-guide.html,0,1,0,87
approach and range of cooling tower,https://winequipments.com/blog/cooling-tower-range-approach-wet-bulb.html,0,1,0,10
arasur,https://winequipments.com/,0,1,0,1
arasur,https://winequipments.com/contactus.html,0,1,0,1
arasur,https://winequipments.com/locations/delhi-cooling-towers.html,0,1,0,1
arasur,https://winequipments.com/locations/india-cooling-tower-manufacturer.html,0,1,0,6
arasur,https://winequipments.com/products/air-cooled-chillers.html,0,1,0,1
auto drain valve,https://winequipments.com/blog/automatic-drain-valve-guide.html,0,5,0,50.2
auto drain valve for air compressor,https://winequipments.com/blog/automatic-drain-valve-guide.html,0,2,0,38.5
auto drain valves,https://winequipments.com/blog/automatic-drain-valve-guide.html,0,1,0,82
automatic compressor drain valve,https://winequipments.com/blog/automatic-drain-valve-guide.html,0,1,0,42
automatic drain valve,https://winequipments.com/blog/automatic-drain-valve-guide.html,0,1,0,36
automatic drain valve for air compressor,https://winequipments.com/blog/automatic-drain-valve-guide.html,0,1,0,19
automatic drain valves,https://winequipments.com/blog/automatic-drain-valve-guide.html,0,1,0,22
automatic drain valves for air compressors,https://winequipments.com/blog/automatic-drain-valve-guide.html,0,1,0,31
best air compressor automatic drain valve,https://winequipments.com/blog/automatic-drain-valve-guide.html,0,1,0,43
calculation of cooling tower,https://winequipments.com/engineering-tools/cooling-tower-calculator.html,0,1,0,54
cfm to tr calculator,https://winequipments.com/engineering-tools/air-dryer-sizing.html,0,2,0,7
cfm value,https://winequipments.com/engineering-tools/air-dryer-sizing.html,0,1,0,1
chiller capacity,https://winequipments.com/engineering-tools/chiller-tonnage-calculator.html,0,1,0,57
chiller capacity calculation,https://winequipments.com/engineering-tools/chiller-tonnage-calculator.html,0,2,0,67.5
chiller circuit,https://winequipments.com/blog/how-a-process-chiller-works.html,0,1,0,7
chiller load calculation in kw,https://winequipments.com/engineering-tools/chiller-tonnage-calculator.html,0,3,0,10
chiller manufacturers in coimbatore,https://winequipments.com/,0,1,0,1
chiller manufacturers in coimbatore,https://winequipments.com/contactus.html,0,1,0,1
chiller manufacturers in coimbatore,https://winequipments.com/index.html,0,1,0,21
chiller manufacturing company in coimbatore,https://winequipments.com/index.html,0,2,0,21.5
chiller process,https://winequipments.com/blog/how-a-process-chiller-works.html,0,1,0,9
chiller sizing calculations,https://winequipments.com/engineering-tools/chiller-tonnage-calculator.html,0,2,0,72
chiller supplier in coimbatore,https://winequipments.com/,0,1,0,21
chiller tonnage calculator,https://winequipments.com/engineering-tools/chiller-tonnage-calculator.html,0,2,0,10
chiller tr,https://winequipments.com/blog/how-to-size-a-process-chiller.html,0,4,0,7.25
chiller tr calculation,https://winequipments.com/blog/how-to-size-a-process-chiller.html,0,3,0,7.67
chiller tr calculation formula,https://winequipments.com/blog/how-to-size-a-process-chiller.html,0,8,0,6.88
chiller tr formula,https://winequipments.com/blog/how-to-size-a-process-chiller.html,0,1,0,6
col,https://winequipments.com/blog/types-of-cooling-tower.html,0,1,0,1
compressed air dryer types,https://winequipments.com/blog/compressed-air-dryer-guide.html,0,4,0,14.25
compressed air energy calculator,https://winequipments.com/engineering-tools/compressed-air-energy-calculator.html,0,2,0,27.5
compressed air energy savings calculator,https://winequipments.com/engineering-tools/compressed-air-energy-calculator.html,0,1,0,45
compressed air filter 0.01 micron,https://winequipments.com/products/compressed-air-filters.html,0,7,0,18.71
compressed air purity classes,https://winequipments.com/blog/iso-8573-1-compressed-air-purity-classes.html,0,3,0,20
compressor auto drain valve,https://winequipments.com/blog/automatic-drain-valve-guide.html,0,1,0,36
compressor drain valve,https://winequipments.com/blog/automatic-drain-valve-guide.html,0,1,0,27
compressor drain valves,https://winequipments.com/blog/automatic-drain-valve-guide.html,0,2,0,34.5
compressor moisture separator,https://winequipments.com/blog/moisture-separator-guide.html,0,2,0,9.5
cooling tower approach,https://winequipments.com/blog/cooling-tower-range-approach-wet-bulb.html,0,2,0,27.5
cooling tower approach,https://winequipments.com/engineering-tools/cooling-tower-calculator.html,0,1,0,82
cooling tower approach and range,https://winequipments.com/blog/cooling-tower-range-approach-wet-bulb.html,0,5,0,7.8
cooling tower calculations,https://winequipments.com/engineering-tools/cooling-tower-calculator.html,0,1,0,59
cooling tower capacity,https://winequipments.com/engineering-tools/cooling-tower-calculator.html,0,1,0,44
cooling tower crossflow vs counterflow,https://winequipments.com/blog/cross-flow-vs-counter-flow-cooling-tower.html,0,1,0,9
cooling tower kitne type ke hote hain,https://winequipments.com/blog/types-of-cooling-tower.html,0,1,0,7
cooling tower manufacturer in coimbatore,https://winequipments.com/products/square-cooling-towers.html,0,1,0,13
cooling tower manufacturer in pune,https://winequipments.com/locations/pune-cooling-towers.html,0,1,0,10
cooling tower manufacturers in coimbatore,https://winequipments.com/,0,1,0,21
cooling tower manufacturers in coimbatore,https://winequipments.com/contactus.html,0,1,0,21
cooling tower manufacturers in coimbatore,https://winequipments.com/locations/coimbatore-cooling-towers.html,0,3,0,10.67
cooling tower quotation,https://winequipments.com/products/square-cooling-towers.html,0,2,0,1
cooling tower range,https://winequipments.com/blog/cooling-tower-range-approach-wet-bulb.html,0,1,0,6
cooling tower range and approach,https://winequipments.com/blog/cooling-tower-range-approach-wet-bulb.html,0,3,0,8.67
cooling tower sizing calculator,https://winequipments.com/engineering-tools/cooling-tower-calculator.html,0,1,0,10
cooling tower wet bulb temperature,https://winequipments.com/blog/cooling-tower-range-approach-wet-bulb.html,0,1,0,33
counter flowing,https://winequipments.com/blog/cross-flow-vs-counter-flow-cooling-tower.html,0,1,0,11
cross flow and counter flow cooling tower,https://winequipments.com/blog/cross-flow-vs-counter-flow-cooling-tower.html,0,2,0,8.5
cross flow workstation,https://winequipments.com/blog/cross-flow-vs-counter-flow-cooling-tower.html,0,1,0,31
crossflow vs counterflow cooling tower,https://winequipments.com/blog/cross-flow-vs-counter-flow-cooling-tower.html,0,1,0,8
drain valve,https://winequipments.com/blog/automatic-drain-valve-guide.html,0,2,0,43.5
drain valves,https://winequipments.com/blog/automatic-drain-valve-guide.html,0,1,0,42
dryer manufacturers in coimbatore,https://winequipments.com/,0,1,0,11
exchanger components,https://winequipments.com/blog/shell-and-tube-heat-exchanger-guide.html,0,3,0,69.67
frp cooling towers,https://winequipments.com/products/round-cooling-towers.html,0,2,0,33.5
heat exchanger manufacturers in coimbatore,https://winequipments.com/locations/coimbatore-heat-exchangers.html,0,3,0,12.67
heat exchanger shell and tube,https://winequipments.com/blog/shell-and-tube-heat-exchanger-guide.html,0,3,0,83.67
heat exchanger types,https://winequipments.com/blog/shell-and-tube-heat-exchanger-guide.html,0,1,0,48
how to calculate chiller capacity in tr,https://winequipments.com/blog/how-to-size-a-process-chiller.html,0,3,0,8
how to calculate cooling tower capacity,https://winequipments.com/engineering-tools/cooling-tower-calculator.html,0,1,0,36
how to calculate cooling tower efficiency,https://winequipments.com/engineering-tools/cooling-tower-calculator.html,0,1,0,14
how to calculate efficiency of cooling tower,https://winequipments.com/engineering-tools/cooling-tower-calculator.html,0,1,0,47
how to calculate tr,https://winequipments.com/blog/how-to-size-a-process-chiller.html,0,1,0,9
how to calculate tr of chiller,https://winequipments.com/blog/how-to-size-a-process-chiller.html,0,3,0,9.33
how to calculate wet bulb temperature in cooling tower,https://winequipments.com/blog/cooling-tower-range-approach-wet-bulb.html,0,1,0,8
industrial chiller manufacturer in coimbatore,https://winequipments.com/,0,2,0,27.5
industrial chiller manufacturers in bangalore,https://winequipments.com/locations/bangalore-industrial-chillers.html,0,1,0,16
industrial chiller manufacturing company in coimbatore,https://winequipments.com/,0,1,0,32
industrial process cooling systems,https://winequipments.com/products/process-cooling.html,0,1,0,42
industrial process water chillers,https://winequipments.com/products/process-cooling.html,0,1,0,46
industrial shell and tube heat exchanger,https://winequipments.com/blog/shell-and-tube-heat-exchanger-guide.html,0,2,0,81.5
iso 8573,https://winequipments.com/blog/iso-8573-1-compressed-air-purity-classes.html,0,1,0,67
iso 8573 compressed air,https://winequipments.com/blog/iso-8573-1-compressed-air-purity-classes.html,0,1,0,63
iso 8573-1 classes,https://winequipments.com/blog/iso-8573-1-compressed-air-purity-classes.html,0,7,0,1
iso 8573-1:2010,https://winequipments.com/blog/iso-8573-1-compressed-air-purity-classes.html,0,1,0,1
me lo puedes calcular tu,https://winequipments.com/engineering-tools/air-dryer-sizing.html,0,1,0,4
moisture separator,https://winequipments.com/blog/moisture-separator-guide.html,0,29,0,8.83
moisture separator,https://winequipments.com/products/moisture-separators.html,0,5,0,45.8
moisture separator for air compressor,https://winequipments.com/blog/moisture-separator-guide.html,0,9,0,5.89
moisture separator for compressed air,https://winequipments.com/blog/moisture-separator-guide.html,0,2,0,14
moisture separator for compressed air,https://winequipments.com/products/moisture-separators.html,0,3,0,44.33
moisture separator for compressor,https://winequipments.com/blog/moisture-separator-guide.html,0,2,0,11
moisture separators,https://winequipments.com/blog/moisture-separator-guide.html,0,1,0,14
moisture separators blackpool,https://winequipments.com/products/moisture-separators.html,0,1,0,42
moisture separators for compressed air,https://winequipments.com/blog/moisture-separator-guide.html,0,3,0,12.33
moisture separators for compressed air,https://winequipments.com/products/moisture-separators.html,0,4,0,44.75
moisture seperator,https://winequipments.com/blog/moisture-separator-guide.html,0,1,0,12
moisture seprator,https://winequipments.com/blog/moisture-separator-guide.html,0,1,0,4
moisturizer separator,https://winequipments.com/blog/moisture-separator-guide.html,0,1,0,9
parts of an exchanger,https://winequipments.com/blog/shell-and-tube-heat-exchanger-guide.html,0,2,0,57.5
pipe exchanger,https://winequipments.com/blog/shell-and-tube-heat-exchanger-guide.html,0,1,0,69
process chiller,https://winequipments.com/blog/how-a-process-chiller-works.html,0,5,0,29.2
process chiller pump tank,https://winequipments.com/blog/how-a-process-chiller-works.html,0,4,0,11.5
process chillers,https://winequipments.com/blog/how-a-process-chiller-works.html,0,5,0,68
process chillers,https://winequipments.com/products/process-cooling.html,0,2,0,30
process chillers manufacturers,https://winequipments.com/products/process-cooling.html,0,1,0,58
process coolers,https://winequipments.com/blog/how-a-process-chiller-works.html,0,1,0,71
process cooling chiller,https://winequipments.com/blog/how-a-process-chiller-works.html,0,7,0,38.57
process cooling chillers,https://winequipments.com/blog/how-a-process-chiller-works.html,0,1,0,58
process water chiller,https://winequipments.com/blog/how-a-process-chiller-works.html,0,1,0,17
process water chillers,https://winequipments.com/products/process-cooling.html,0,1,0,65
process water chilling,https://winequipments.com/blog/how-a-process-chiller-works.html,0,2,0,58.5
process water cooling,https://winequipments.com/products/process-cooling.html,0,1,0,75
range and approach of cooling tower,https://winequipments.com/blog/cooling-tower-range-approach-wet-bulb.html,0,1,0,9
range of cooling tower,https://winequipments.com/blog/cooling-tower-range-approach-wet-bulb.html,0,1,0,11
self heating food,https://winequipments.com/industries/food-dairy-beverage.html,0,1,0,14
shell and heat tube exchanger,https://winequipments.com/blog/shell-and-tube-heat-exchanger-guide.html,0,3,0,75.67
shell and tube condensers,https://winequipments.com/blog/shell-and-tube-heat-exchanger-guide.html,0,1,0,90
shell and tube heat exchanger,https://winequipments.com/blog/shell-and-tube-heat-exchanger-guide.html,0,39,0,76.38
shell and tube heat exchanger design,https://winequipments.com/blog/shell-and-tube-heat-exchanger-guide.html,0,1,0,85
shell and tube heat exchanger working principle,https://winequipments.com/blog/shell-and-tube-heat-exchanger-guide.html,0,1,0,98
shell and tube heat exchangers,https://winequipments.com/blog/shell-and-tube-heat-exchanger-guide.html,0,9,0,40.44
shell heat exchanger,https://winequipments.com/blog/shell-and-tube-heat-exchanger-guide.html,0,1,0,80
shell type heat exchanger,https://winequipments.com/blog/shell-and-tube-heat-exchanger-guide.html,0,1,0,8
shell-and-tube heat exchanger,https://winequipments.com/blog/shell-and-tube-heat-exchanger-guide.html,0,3,0,76.67
small precision chiller manufacturer in coimbatore,https://winequipments.com/,0,1,0,27
small shell and tube heat exchanger,https://winequipments.com/blog/shell-and-tube-heat-exchanger-guide.html,0,1,0,90
soda chiller,https://winequipments.com/products/soda-chillers.html,0,1,0,8
square cooling,https://winequipments.com/products/square-cooling-towers.html,0,1,0,1
square cooling tower,https://winequipments.com/products/square-cooling-towers.html,0,1,0,1
square shape cooling tower,https://winequipments.com/products/square-cooling-towers.html,0,2,0,25.5
tr calculation,https://winequipments.com/blog/how-to-size-a-process-chiller.html,0,3,0,6.67
tr calculation formula,https://winequipments.com/engineering-tools/chiller-tonnage-calculator.html,0,1,0,48
tr calculator,https://winequipments.com/engineering-tools/chiller-tonnage-calculator.html,0,3,0,5.67
tr formula,https://winequipments.com/blog/how-to-size-a-process-chiller.html,0,7,0,9.43
tr in chiller,https://winequipments.com/blog/how-to-size-a-process-chiller.html,0,1,0,8
tube and shell heat exchanger,https://winequipments.com/blog/shell-and-tube-heat-exchanger-guide.html,0,2,0,76.5
tubular type heat exchanger,https://winequipments.com/blog/shell-and-tube-heat-exchanger-guide.html,0,1,0,76
vino technical services,https://winequipments.com/industries/,0,1,0,41
wcp calculator,https://winequipments.com/engineering-tools/,0,1,0,6
wet cooling tower,https://winequipments.com/blog/cooling-tower-range-approach-wet-bulb.html,0,1,0,31
what is range and approach in cooling tower,https://winequipments.com/blog/cooling-tower-range-approach-wet-bulb.html,0,4,0,7.25
where to buy custom asme viii compliant water cooled condensers for power generation applications quick turnaround,https://winequipments.com/,0,1,0,20
win equipment,https://winequipments.com/index.html,0,1,0,7
win equipments,https://winequipments.com/case-studies.html,0,24,0,1.88
win equipments,https://winequipments.com/contactus.html,0,35,0,1.97
win equipments,https://winequipments.com/downloads.html,0,4,0,2
win equipments,https://winequipments.com/engineering-tools/air-treatment-package-builder.html,0,6,0,2
win equipments,https://winequipments.com/index.html,0,3,0,1.67
win equipments,https://winequipments.com/industries/,0,16,0,2.12
win equipments,https://winequipments.com/industries/plastic-molding.html,0,3,0,1.67
win equipments,https://winequipments.com/industries/textile-mills.html,0,1,0,2
win equipments,https://winequipments.com/installation.html,0,3,0,1.33
win equipments,https://winequipments.com/locations/,0,13,0,3.46
win equipments,https://winequipments.com/locations/bangalore-compressed-air-dryers.html,0,1,0,18
win equipments,https://winequipments.com/locations/chennai-industrial-chillers.html,0,3,0,1.33
win equipments,https://winequipments.com/locations/coimbatore-air-dryers.html,0,2,0,6
win equipments,https://winequipments.com/locations/coimbatore-cooling-towers.html,0,2,0,5
win equipments,https://winequipments.com/locations/coimbatore-heat-exchangers.html,0,1,0,1
win equipments,https://winequipments.com/locations/erode-cooling-towers.html,0,1,0,1
win equipments,https://winequipments.com/locations/tamil-nadu-cooling-towers.html,0,4,0,3.5
win equipments,https://winequipments.com/locations/tirupur-textile-air-dryers.html,0,2,0,1
win equipments,https://winequipments.com/products/compressed-air-treatment.html,0,1,0,1
win equipments,https://winequipments.com/products/cooling-towers.html,0,2,0,6.5
win equipments,https://winequipments.com/products/process-cooling.html,0,1,0,2
win equipments,https://winequipments.com/products/square-cooling-towers.html,0,32,0,3.69
win equipments,https://winequipments.com/ta/,0,2,0,2
win spares coimbatore,https://winequipments.com/contactus.html,0,1,0,7
ya,https://winequipments.com/products/compressed-air-filters.html,0,1,0,1
