page,clicks,impressions,ctr,position
https://winequipments.com/,15,97,0.1546,4.89
https://winequipments.com/engineering-tools/air-dryer-sizing.html,3,62,0.0484,4.32
https://winequipments.com/products/square-cooling-towers.html,2,105,0.019,5.3
https://winequipments.com/blog/aftercooler-vs-air-dryer.html,1,7,0.1429,2.43
https://winequipments.com/blog/compressed-air-dryer-guide.html,1,20,0.05,24.35
https://winequipments.com/blog/cooling-tower-range-approach-wet-bulb.html,1,52,0.0192,9.31
https://winequipments.com/blog/how-a-process-chiller-works.html,1,38,0.0263,30.34
https://winequipments.com/blog/how-to-size-a-process-chiller.html,1,83,0.012,7.48
https://winequipments.com/engineering-tools/cooling-tower-calculator.html,1,23,0.0435,20.7
https://winequipments.com/industries/diesel-gensets-power.html,1,5,0.2,9.8
https://winequipments.com/industries/laser-cutting.html,1,7,0.1429,5.71
https://winequipments.com/blog.html,0,1,0,6
https://winequipments.com/blog/air-cooled-vs-water-cooled-chiller.html,0,6,0,19.5
https://winequipments.com/blog/automatic-drain-valve-guide.html,0,51,0,28.37
https://winequipments.com/blog/coil-cooling-towers-for-diesel-gensets.html,0,3,0,6
https://winequipments.com/blog/cross-flow-vs-counter-flow-cooling-tower.html,0,8,0,11.12
https://winequipments.com/blog/frp-vs-coil-cooling-tower.html,0,1,0,38
https://winequipments.com/blog/glossary.html,0,2,0,5.5
https://winequipments.com/blog/industrial-equipment-prices-india.html,0,4,0,38.75
https://winequipments.com/blog/iso-8573-1-compressed-air-purity-classes.html,0,23,0,10.04
https://winequipments.com/blog/moisture-separator-guide.html,0,120,0,8.1
https://winequipments.com/blog/round-vs-square-cooling-towers.html,0,1,0,9
https://winequipments.com/blog/shell-and-tube-heat-exchanger-guide.html,0,92,0,64.58
https://winequipments.com/blog/types-of-cooling-tower.html,0,7,0,19.43
https://winequipments.com/case-studies.html,0,36,0,3.67
https://winequipments.com/certifications.html,0,1,0,1
https://winequipments.com/contactus.html,0,73,0,3.86
https://winequipments.com/downloads.html,0,5,0,3
https://winequipments.com/engineering-tools/,0,2,0,5.5
https://winequipments.com/engineering-tools/air-treatment-package-builder.html,0,6,0,2
https://winequipments.com/engineering-tools/chiller-tonnage-calculator.html,0,43,0,16.05
https://winequipments.com/engineering-tools/compressed-air-energy-calculator.html,0,5,0,21.2
https://winequipments.com/index.html,0,15,0,8.33
https://winequipments.com/industries/,0,24,0,4.17
https://winequipments.com/industries/cement-paper-sugar.html,0,6,0,9
https://winequipments.com/industries/food-dairy-beverage.html,0,10,0,26.1
https://winequipments.com/industries/hospitals-healthcare.html,0,2,0,7
https://winequipments.com/industries/pharma-chemical.html,0,4,0,9
https://winequipments.com/industries/plastic-molding.html,0,15,0,5.6
https://winequipments.com/industries/textile-mills.html,0,3,0,10.67
https://winequipments.com/installation.html,0,12,0,4.83
https://winequipments.com/locations/,0,24,0,4.29
https://winequipments.com/locations/bangalore-compressed-air-dryers.html,0,11,0,9.55
https://winequipments.com/locations/bangalore-cooling-towers.html,0,1,0,12
https://winequipments.com/locations/bangalore-industrial-chillers.html,0,2,0,12.5
https://winequipments.com/locations/chennai-industrial-chillers.html,0,10,0,8
https://winequipments.com/locations/coimbatore-air-dryers.html,0,3,0,4.67
https://winequipments.com/locations/coimbatore-cooling-towers.html,0,7,0,8.29
https://winequipments.com/locations/coimbatore-heat-exchangers.html,0,4,0,9.75
https://winequipments.com/locations/delhi-cooling-towers.html,0,3,0,8.67
https://winequipments.com/locations/erode-cooling-towers.html,0,7,0,10.86
https://winequipments.com/locations/hosur-cnc-air-dryers.html,0,3,0,4.33
https://winequipments.com/locations/india-cooling-tower-manufacturer.html,0,3,0,30
https://winequipments.com/locations/india-water-chiller-manufacturer.html,0,1,0,2
https://winequipments.com/locations/kolkata-heat-exchangers.html,0,1,0,6
https://winequipments.com/locations/pune-cooling-towers.html,0,1,0,10
https://winequipments.com/locations/pune-heat-exchangers.html,0,2,0,7.5
https://winequipments.com/locations/tamil-nadu-cooling-towers.html,0,6,0,4.17
https://winequipments.com/locations/tirupur-textile-air-dryers.html,0,7,0,10.57
https://winequipments.com/products/air-cooled-chillers.html,0,4,0,14.75
https://winequipments.com/products/air-receiver-tanks.html,0,7,0,9.71
https://winequipments.com/products/automatic-drain-valves.html,0,2,0,9
https://winequipments.com/products/closed-circuit-cooling-towers.html,0,1,0,34
https://winequipments.com/products/compressed-air-filters.html,0,25,0,8.84
https://winequipments.com/products/compressed-air-treatment.html,0,2,0,15
https://winequipments.com/products/cooling-tower-fills.html,0,2,0,11.5
https://winequipments.com/products/cooling-towers.html,0,7,0,61.71
https://winequipments.com/products/fanless-cooling-towers.html,0,3,0,19.33
https://winequipments.com/products/industrial-aftercoolers.html,0,1,0,6
https://winequipments.com/products/moisture-separators.html,0,16,0,61.12
https://winequipments.com/products/process-cooling.html,0,15,0,50.13
https://winequipments.com/products/round-cooling-towers.html,0,3,0,36.67
https://winequipments.com/products/soda-chillers.html,0,3,0,4.33
https://winequipments.com/ta/,0,9,0,6.11
