url,verdict,coverage_state,last_crawl,google_canonical,robots_state
https://winequipments.com/,PASS,Submitted and indexed,2026-10-08T21:57,https://winequipments.com/,ALLOWED
https://winequipments.com/products/industrial-process-chillers.html,PASS,Submitted and indexed,2026-10-07T00:31,https://winequipments.com/products/industrial-process-chillers.html,ALLOWED
https://winequipments.com/products/air-cooled-chillers.html,PASS,Submitted and indexed,2026-10-05T17:11,https://winequipments.com/products/air-cooled-chillers.html,ALLOWED
https://winequipments.com/products/acid-cooling-chillers.html,PASS,Submitted and indexed,2026-10-08T14:54,https://winequipments.com/products/acid-cooling-chillers.html,ALLOWED
https://winequipments.com/products/anodizing-chillers.html,PASS,Submitted and indexed,2026-10-07T00:29,https://winequipments.com/products/anodizing-chillers.html,ALLOWED
https://winequipments.com/products/medical-scan-chillers.html,PASS,Submitted and indexed,2026-10-05T08:00,https://winequipments.com/products/medical-scan-chillers.html,ALLOWED
https://winequipments.com/products/milk-chillers.html,PASS,Submitted and indexed,2026-10-07T00:28,https://winequipments.com/products/milk-chillers.html,ALLOWED
https://winequipments.com/products/soda-chillers.html,PASS,Submitted and indexed,2026-10-05T16:18,https://winequipments.com/products/soda-chillers.html,ALLOWED
https://winequipments.com/products/process-cooling.html,PASS,Submitted and indexed,2026-10-05T05:21,https://winequipments.com/products/process-cooling.html,ALLOWED
https://winequipments.com/products/square-cooling-towers.html,PASS,Submitted and indexed,2026-10-01T16:27,https://winequipments.com/products/square-cooling-towers.html,ALLOWED
https://winequipments.com/products/moisture-separators.html,PASS,Submitted and indexed,2026-10-08T15:21,https://winequipments.com/products/moisture-separators.html,ALLOWED
https://winequipments.com/products/automatic-drain-valves.html,PASS,Submitted and indexed,2026-10-04T23:17,https://winequipments.com/products/automatic-drain-valves.html,ALLOWED
https://winequipments.com/products/cooling-tower-fills.html,PASS,Submitted and indexed,2026-10-05T17:13,https://winequipments.com/products/cooling-tower-fills.html,ALLOWED
https://winequipments.com/locations/coimbatore-industrial-chillers.html,PASS,Submitted and indexed,2026-10-05T21:49,https://winequipments.com/locations/coimbatore-industrial-chillers.html,ALLOWED
https://winequipments.com/locations/cooling-tower-manufacturers-in-coimbatore.html,PASS,Submitted and indexed,2026-10-08T17:59,https://winequipments.com/locations/cooling-tower-manufacturers-in-coimbatore.html,ALLOWED
https://winequipments.com/locations/bangalore-industrial-chillers.html,PASS,Submitted and indexed,2026-10-05T06:07,https://winequipments.com/locations/bangalore-industrial-chillers.html,ALLOWED
https://winequipments.com/locations/india-water-chiller-manufacturer.html,PASS,Submitted and indexed,2026-10-05T08:58,https://winequipments.com/locations/india-water-chiller-manufacturer.html,ALLOWED
https://winequipments.com/locations/chennai-industrial-chillers.html,PASS,Submitted and indexed,2026-09-17T21:07,https://winequipments.com/locations/chennai-industrial-chillers.html,ALLOWED
https://winequipments.com/blog/chiller-price-guide.html,NEUTRAL,URL is unknown to Google,,,ROBOTS_TXT_STATE_UNSPECIFIED
https://winequipments.com/blog/how-to-choose-a-chiller.html,NEUTRAL,URL is unknown to Google,,,ROBOTS_TXT_STATE_UNSPECIFIED
https://winequipments.com/blog/which-chiller-for-your-industry.html,NEUTRAL,URL is unknown to Google,,,ROBOTS_TXT_STATE_UNSPECIFIED
https://winequipments.com/blog/how-to-size-a-process-chiller.html,PASS,Submitted and indexed,2026-10-04T22:45,https://winequipments.com/blog/how-to-size-a-process-chiller.html,ALLOWED
https://winequipments.com/blog/moisture-separator-guide.html,PASS,Submitted and indexed,2026-10-05T16:36,https://winequipments.com/blog/moisture-separator-guide.html,ALLOWED
https://winequipments.com/blog/automatic-drain-valve-guide.html,PASS,Submitted and indexed,2026-10-05T20:15,https://winequipments.com/blog/automatic-drain-valve-guide.html,ALLOWED
https://winequipments.com/engineering-tools/chiller-tonnage-calculator.html,PASS,Submitted and indexed,2026-09-17T15:08,https://winequipments.com/engineering-tools/chiller-tonnage-calculator.html,ALLOWED
https://winequipments.com/blog/air-cooled-vs-water-cooled-chiller.html,PASS,Submitted and indexed,2026-10-05T06:05,https://winequipments.com/blog/air-cooled-vs-water-cooled-chiller.html,ALLOWED
