query,page,impressions,clicks,ctr,position
tr calculation formula,/blog/how-to-size-a-process-chiller.html,10,1,0.1,8
chiller tr calculation formula,/blog/how-to-size-a-process-chiller.html,8,0,0,6.9
process cooling chiller,/blog/how-a-process-chiller-works.html,7,0,0,38.6
tr formula,/blog/how-to-size-a-process-chiller.html,7,0,0,9.4
process chiller,/blog/how-a-process-chiller-works.html,5,0,0,29.2
process chillers,/blog/how-a-process-chiller-works.html,5,0,0,68
chiller tr,/blog/how-to-size-a-process-chiller.html,4,0,0,7.2
process chiller pump tank,/blog/how-a-process-chiller-works.html,4,0,0,11.5
chiller load calculation in kw,/engineering-tools/chiller-tonnage-calculator.html,3,0,0,10
chiller tr calculation,/blog/how-to-size-a-process-chiller.html,3,0,0,7.7
how to calculate chiller capacity in tr,/blog/how-to-size-a-process-chiller.html,3,0,0,8
how to calculate tr of chiller,/blog/how-to-size-a-process-chiller.html,3,0,0,9.3
tr calculation,/blog/how-to-size-a-process-chiller.html,3,0,0,6.7
tr calculator,/engineering-tools/chiller-tonnage-calculator.html,3,0,0,5.7
win equipments,/locations/chennai-industrial-chillers.html,3,0,0,1.3
air cooled liquid chiller,/blog/air-cooled-vs-water-cooled-chiller.html,2,0,0,21
chiller capacity calculation,/engineering-tools/chiller-tonnage-calculator.html,2,0,0,67.5
chiller manufacturing company in coimbatore,/index.html,2,0,0,21.5
chiller sizing calculations,/engineering-tools/chiller-tonnage-calculator.html,2,0,0,72
chiller tonnage calculator,/engineering-tools/chiller-tonnage-calculator.html,2,0,0,10
industrial chiller manufacturer in coimbatore,/,2,0,0,27.5
process chillers,/products/process-cooling.html,2,0,0,30
process water chilling,/blog/how-a-process-chiller-works.html,2,0,0,58.5
air cooled water chiller,/blog/air-cooled-vs-water-cooled-chiller.html,1,0,0,32
arasur,/products/air-cooled-chillers.html,1,0,0,1
chiller capacity,/engineering-tools/chiller-tonnage-calculator.html,1,0,0,57
chiller circuit,/blog/how-a-process-chiller-works.html,1,0,0,7
chiller manufacturers in coimbatore,/,1,0,0,1
chiller manufacturers in coimbatore,/contactus.html,1,0,0,1
chiller manufacturers in coimbatore,/index.html,1,0,0,21
chiller process,/blog/how-a-process-chiller-works.html,1,0,0,9
chiller supplier in coimbatore,/,1,0,0,21
chiller tr formula,/blog/how-to-size-a-process-chiller.html,1,0,0,6
how to calculate tr,/blog/how-to-size-a-process-chiller.html,1,0,0,9
industrial chiller manufacturers in bangalore,/locations/bangalore-industrial-chillers.html,1,0,0,16
industrial chiller manufacturing company in coimbatore,/,1,0,0,32
industrial process water chillers,/products/process-cooling.html,1,0,0,46
process chillers manufacturers,/products/process-cooling.html,1,0,0,58
process coolers,/blog/how-a-process-chiller-works.html,1,0,0,71
process cooling chillers,/blog/how-a-process-chiller-works.html,1,0,0,58
process water chiller,/blog/how-a-process-chiller-works.html,1,0,0,17
process water chillers,/products/process-cooling.html,1,0,0,65
small precision chiller manufacturer in coimbatore,/,1,0,0,27
soda chiller,/products/soda-chillers.html,1,0,0,8
tr calculation formula,/engineering-tools/chiller-tonnage-calculator.html,1,0,0,48
tr in chiller,/blog/how-to-size-a-process-chiller.html,1,0,0,8
