keyword,volume_india_9oct,cpc_usd,difficulty_index_9oct,results_count,intent_code,our_position_or_gsc,our_page
water chiller machine,1300,0.09,4,164,0,not ranked,none (industrial-process-chillers is nearest)
cooling tower fins,480,0.59,4,190,0,not ranked,none
cross flow cooling tower,480,0.44,4,133,1,GSC impressions only,blog/cross-flow-vs-counter-flow-cooling-tower
air receiver tank manufacturers,140,0.38,4,177,0,not ranked,products/air-receiver-tanks
heat exchanger manufacturers in chennai,170,0.34,4,175,0,not ranked (page indexed 7 Oct),locations/chennai-heat-exchangers
air dryer manufacturers in coimbatore,110,0.49,4,167,0,22 (Semrush 8 Oct),locations/coimbatore-air-dryers
automatic drain valve,170,0,4,196,1,not ranked,blog/automatic-drain-valve-guide
milk chiller plant,590,0.18,7,19,1,not ranked,products/milk-chillers
moisture separator,880,0.70,8,189,1,GSC average 8.8 (guide),blog/moisture-separator-guide
moisture separator for air compressor,390,0.18,5,173,1,1 (Semrush 8 Oct),blog/moisture-separator-guide
heat exchanger manufacturers in coimbatore,170,0.32,9,170,0,20 (Semrush 8 Oct),locations/coimbatore-heat-exchangers
cooling tower capacity,390,0.39,10,20,1,39 (Semrush 8 Oct),engineering-tools/cooling-tower-calculator
milk chiller,390,0.08,10,188,1,GSC none,products/milk-chillers
ice flake machine,480,0.24,10,184,1,GSC none (page indexed 7 Oct),products/ice-flake-machines
automatic drain valve for air compressor,720,0.25,11,190,0,15 (Semrush 8 Oct),blog/automatic-drain-valve-guide
refrigerated air dryer,720,0.49,11,190,1,GSC none (page indexed 7 Oct),products/refrigerated-air-dryers
industrial chiller manufacturers,210,0.49,11,197,0,not ranked,products/industrial-process-chillers
cooling tower manufacturers in coimbatore,210,0.20,14,96,0,34 (Semrush 8 Oct; was 16),products/square-cooling-towers and locations/cooling-tower-manufacturers-in-coimbatore
tr calculation formula,170,0,16,20,1,GSC average 11.6,engineering-tools/chiller-tonnage-calculator
cooling tower fills,1000,0.09,16,70,1,GSC none,products/cooling-tower-fills
drain valve,1600,0.18,20,188,1,GSC impressions only,blog/automatic-drain-valve-guide
water chiller manufacturers in india,170,0.54,18,118,0,not ranked,none
chiller tr calculation formula,210,0,18,118,1,GSC average 6.9,engineering-tools/chiller-tonnage-calculator
cooling tower manufacturers,720,0.41,23,201,3,not ranked,none (no dedicated page)
