domain,keyword,position,volume_per_month,keyword_difficulty,est_traffic,url
gemindia.com,compressed air dryer,3,2400,11,72,https://www.gemindia.com/Home/products/2
gemindia.com,drain valve,3,1600,11,48,https://www.gemindia.com/product/automatic-drain-valve
gemindia.com,moisture separator for air compressor,1,480,7,43,https://www.gemindia.com/product/moisture-separator
gemindia.com,moisture separator,8,880,7,22,https://www.gemindia.com/product/moisture-separator
gemindia.com,dry cooling tower manufacturers in india,1,260,12,33,https://www.gemindia.com/product/dct-cooling-tower
gemindia.com,desiccant dryer,3,590,19,17,https://www.gemindia.com/product/heatless-dessicant-compressed-dryer
gemindia.com,desiccant air dryer,5,320,16,9,https://www.gemindia.com/product/heatless-dessicant-compressed-dryer
gemindia.com,adiabatic cooling tower manufacturers in india,2,140,11,12,https://www.gemindia.com/product/adiabatic-cooling-tower
gemindia.com,cooling tower manufacturer in coimbatore,2,210,5,10,https://www.gemindia.com/cooling-tower-manufacturer-in-coimbatore
gemindia.com,dry cooling tower,3,170,15,8,https://www.gemindia.com/product/dct-cooling-tower
gemindia.com,cooling tower india,2,140,17,7,https://www.gemindia.com/products/coolingtower
gemindia.com,cooling tower,27,18100,40,5,https://www.gemindia.com/blog/cooling_tower_types
gemindia.com,air dryer working principle,5,170,12,5,https://www.gemindia.com/blog/air_dryer_works
gemindia.com,air dryer,20,6600,27,4,https://www.gemindia.com/blog/air_dryer_works
gemindia.com,adiabatic cooling,9,1000,25,5,https://www.gemindia.com/blog/adiabatic_coolingtower
gemindia.com,air dryer for compressor working,3,140,10,3,https://www.gemindia.com/blog/air_dryer_works
gemindia.com,air compressor and dryer,6,110,17,2,https://www.gemindia.com/Home/products/2
gemindia.com,cooling tower manufacturer in delhi,6,110,5,2,https://www.gemindia.com/cooling-tower-manufacturer-in-delhi
gemindia.com,auto drain valve for air compressor,12,720,3,2,https://www.gemindia.com/product/automatic-drain-valve
gemindia.com,air dryer machine,14,1900,30,2,https://www.gemindia.com/Home/products/2
gemindia.com,types of cooling tower,31,2900,19,2,https://www.gemindia.com/blog/cooling_tower_types
gemindia.com,cooling tower manufacturer near me,8,140,17,1,https://www.gemindia.com/cooling-tower-manufacturer-in-bengaluru
gemindia.com,cooling tower manufacturer in india,12,390,11,1,https://www.gemindia.com/cooling-tower-manufacturer-in-delhi
gemindia.com,air compressor automatic drain valve,20,720,5,1,https://www.gemindia.com/product/automatic-drain-valve
gemindia.com,cooling tower exporter,15,140,12,0,https://www.gemindia.com/cooling-tower-manufacturer-in-chennai
gemindia.com,heatless air dryer,5,140,5,0,https://www.gemindia.com/product/heatless-dessicant-compressed-dryer
gemindia.com,air compressor drain valve,13,210,7,0,https://www.gemindia.com/product/automatic-drain-valve
gemindia.com,types of air dryer,10,140,17,0,https://www.gemindia.com/blog/dryer_categories
gemindia.com,air compressor moisture trap,12,140,9,0,https://www.gemindia.com/product/moisture-separator
gemindia.com,moisture filter for air compressor,14,320,3,0,https://www.gemindia.com/product/moisture-separator
gemindia.com,moisture trap,39,320,10,0,https://www.gemindia.com/product/moisture-separator
gemindia.com,air moisture separator,12,110,9,0,https://www.gemindia.com/product/moisture-separator
gemindia.com,air compressor water trap,18,140,11,0,https://www.gemindia.com/product/moisture-separator
gemindia.com,cooling tower range,51,170,17,0,https://www.gemindia.com/blog/coolingtower
gemindia.com,cooling tower tr,40,140,19,0,https://www.gemindia.com/blog/coolingtower
gemindia.com,pneumatic dryer,14,170,18,0,https://www.gemindia.com/blog/air_dryer_works
worldcoolingtowers.com,cooling tower manufacturer,11,720,25,2,https://worldcoolingtowers.com/
worldcoolingtowers.com,industrial cooling tower,35,590,49,0,https://worldcoolingtowers.com/
worldcoolingtowers.com,cross flow cooling tower,46,480,4,0,https://worldcoolingtowers.com/cross-flow-cooling-tower/
worldcoolingtowers.com,small cooling tower,50,110,10,0,https://worldcoolingtowers.com/
goldcoolingtowers.com,dry cooling tower manufacturers in india,3,260,12,10,https://www.goldcoolingtowers.com/
goldcoolingtowers.com,cooling tower manufacturer in coimbatore,5,210,5,6,https://www.goldcoolingtowers.com/
goldcoolingtowers.com,cooling tower price,9,320,3,4,https://www.goldcoolingtowers.com/round-cooling-towers.html
goldcoolingtowers.com,frp cooling tower,19,720,4,1,https://www.goldcoolingtowers.com/frp-cooling-tower.html
goldcoolingtowers.com,frp cooling tower manufacturer,21,170,9,0,https://www.goldcoolingtowers.com/frp-cooling-tower.html
goldcoolingtowers.com,cooling tower fills,39,1000,4,0,https://www.goldcoolingtowers.com/cooling-tower-fills.html
goldcoolingtowers.com,cooling tower fins,27,480,4,0,https://www.goldcoolingtowers.com/cooling-tower-fills.html
goldcoolingtowers.com,cooling tower parts,45,390,16,0,https://www.goldcoolingtowers.com/cooling-tower-spare-parts.html
goldcoolingtowers.com,cooling tower nozzle,27,260,3,0,https://www.goldcoolingtowers.com/cooling-tower-nozzles.html
seenucompressor.com,refrigerated air dryer,55,720,9,0,https://www.seenucompressor.com/air-dryers-manufacturers-in-india.html
seenucompressor.com,air compressor receiver tank,23,170,6,0,https://www.seenucompressor.com/air-receiver-tank.html
