keyword,monthly_volume_india,kd_percent,cpc_usd
cooling tower,18100,32,0.10
heat exchanger,12100,,
heat exchanger shell and tube,8100,,
shell and tube heat exchanger,8100,,
air dryer,6600,,
heat exchanger types,5400,,
cooling tower types,3600,,
water chiller,2900,,
air dryer for compressor,2400,,
compressed air dryer,2400,,
air dryer machine,1900,,
compressed air filter,1900,,
heat exchanger manufacturers in india,1600,,0.40
heat exchanger manufacturer,1300,,
water chiller machine,1300,,
air receiver tank,1000,,
cooling tower fills,1000,,
heat exchanger companies in india,1000,18,0.32
automatic drain valve for air compressor,720,,
cooling tower manufacturers,720,,
dry cooler,720,,
frp cooling tower,720,,
industrial chiller,720,,
refrigerated air dryer,720,,
milk chiller plant,590,,
shell and tube heat exchanger types,590,,
cooling tower fins,480,,
heat exchanger manufacturer in pune,480,,
ice flake machine,480,,
water chiller manufacturers,480,,
cooling tower capacity,390,,
cooling tower manufacturers in india,390,,0.42
milk chiller,390,,
shell and tube heat exchanger manufacturer in india,390,,0.42
desiccant air dryer,320,,
heat exchanger parts,260,,
cooling tower capacity calculation,210,,
cooling tower capacity in tr,210,,
cooling tower manufacturers in coimbatore,210,,0.20
industrial chiller manufacturers,210,,
milk chiller machine,210,,
shell and tube heat exchanger design,210,,
water chiller plant,210,,
air dryer for food,170,,
automatic drain valve,170,,
heat exchanger manufacturers in chennai,170,,0.34
heat exchanger manufacturers in coimbatore,170,,0.32
water chiller manufacturer in india,170,,
water chiller manufacturers in bangalore,170,,
water chiller manufacturers in india,170,,
air receiver tank auto drain valve,140,,
air receiver tank manufacturers,140,,
air receiver tank supplier,140,,
chiller capacity calculation,140,,
cooling tower manufacturer in delhi,140,,
cooling tower manufacturer near me,140,15,0.44
cooling tower suppliers,140,,
frp cooling tower manufacturer,140,,
heat exchanger examples,140,,
industrial chiller manufacturers in bangalore,140,5,0.47
process chiller,140,,
shell and tube heat exchanger supplier,140,,
air dryer manufacturers in coimbatore,110,4,0.49
compressed air filter dryer,110,,
cooling tower companies,110,,
cooling tower manufacturer in ahmedabad,110,,
cooling tower manufacturer in pune,110,,
cooling tower supplier in pune,110,,
heat exchanger supplier,110,,
what is an air dryer,110,,
air dryer manufacturers,90,,
air dryer supplier,90,,
air receiver tank safety valve,90,,
cooling tower manufacturers in chennai,90,,0.36
cooling tower suppliers in chennai,90,,0.36
refrigerated air dryer for compressor,90,,
refrigerated air dryer manufacturers,90,,
shell and tube heat exchanger manufacturer,90,,
shell and tube heat exchanger manufacturers,90,,
water chiller 2 ton,90,,
water chiller manufacturer in ahmedabad,90,,
heat exchanger suppliers in india,70,,0.39
industrial chiller manufacturers in india,70,,0.48
water cooled chiller manufacturers in india,70,,
air receiver tank capacity calculation,50,,
cooling tower manufacturer in gujarat,50,,
chiller manufacturers in coimbatore,40,,0.36
dry cooler without water,40,,
heat exchanger in coimbatore,40,,0.00
heat exchanger manufacturers in bangalore,40,,0.37
industrial water chiller manufacturers,40,,
air dryer problems,30,,
air receiver tank manufacturers in bangalore,30,,0.26
air receiver tank manufacturers in chennai,30,,0.00
closed circuit cooling tower calculations,30,,
compressed air filter types,30,,
cooling tower details,30,,
cooling tower in coimbatore,30,,0.25
dry cooler manufacturers,30,,
frp cooling tower manufacturers in india,30,,0.43
frp round cooling tower,30,,
heat exchanger explained,30,,
industrial water chiller manufacturers in chennai,30,,0.00
refrigerated air dryer manufacturers in india,30,,0.98
refrigerated air dryer working,30,,
round type cooling tower,30,,
shell and tube heat exchanger manufacturers in chennai,30,,0.36
water chiller supplier,30,,
water chiller suppliers,30,,
what is auto drain valve,30,,
aftercooler core,20,,
aftercooler in compressor,20,,
air compressor filter manufacturers in india,20,,0.49
air dryer capacity calculation,20,,
air dryer capacity,20,,
air dryer manufacturer in ahmedabad,20,,
air dryer manufacturer in delhi,20,,
air dryer manufacturers in chennai,20,,0.00
air dryer manufacturers in india,20,,1.01
air dryer suppliers in india,20,,1.01
air receiver tank manufacturers in ahmedabad,20,,
air receiver tank manufacturers in coimbatore,20,,0.25
air receiver tank manufacturers in pune,20,,
auto drain valve function,20,,
auto drain valve manufacturers from india,20,,0.00
auto drain valve manufacturers,20,,
automatic drain valve for water system,20,,
compressed air dryer manufacturers in india,20,,1.14
compressed air dryer system,20,,
compressed air dryer types,20,,
compressed air filter element,20,,
compressed air filter manufacturers in india,20,,0.48
compressed air filter manufacturers,20,,
compressed air filter regulator lubricator,20,,
compressed air filter regulator,20,,
compressed air filter system,20,,
cooling tower applications,20,,
cooling tower explained,20,,
cooling tower frp structure,20,,
cooling tower in chennai,20,,0.30
cooling tower manufacturers in hyderabad,20,,
cooling tower suppliers in india,20,,0.27
cooling tower tonnage calculator,20,,
cooling tower tonnage,20,,
cooling tower top view,20,,
desiccant air dryer atlas copco,20,,
desiccant air dryer beads,20,,
desiccant air dryer for compressor,20,,
desiccant air dryer manufacturers in india,20,,1.01
desiccant air dryer manufacturers,20,,
desiccant air dryer system,20,,
dry cooler vs cooling tower,20,,
frp cooling tower manufacturer in delhi,20,,
frp cooling tower manufacturer in gujarat,20,,
frp cooling tower manufacturer in pune,20,,
frp square cooling tower,20,,
heat exchanger capacity calculation,20,,
heat exchanger capacity formula,20,,
heat exchanger company in chennai,20,,0.00
heat exchanger manufacturer in kolkata,20,,
heat exchanger manufacturers near me,20,,0.60
how does a dry cooler work,20,,
how does a shell and tube heat exchanger work,20,,
how to calculate air receiver tank capacity,20,,
how to make ice flakes,20,,
how to make shell and tube heat exchanger,20,,
ice flake machine for sale,20,,
industrial chiller manufacturers in ahmedabad,20,,
industrial chiller manufacturers in chennai,20,,0.41
industrial chiller manufacturers in hyderabad,20,,
industrial chiller manufacturers in pune,20,,
industrial chiller repair near me,20,,0.26
laser chiller repair,20,,
laser chiller temperature,20,,
laser chiller,20,,
maximum chiller capacity,20,,
milk chiller manufacturers,20,,
process chiller manufacturers in india,20,,0.00
round cooling tower,20,,
shell and tube heat exchanger cost estimation,20,,
shell and tube heat exchanger design calculations,20,,
shell and tube heat exchanger manufacturers in pune,20,,
shell and tube heat exchanger suppliers in india,20,,0.00
square cooling tower,20,,
water chiller manufacturers in chennai,20,,
water chiller manufacturers in pune,20,,
what is a dry cooler,20,,
what is air receiver tank,20,,
what is an aftercooler,20,,
what is frp cooling tower,20,,
what is shell and tube heat exchanger,20,,
aftercooler for air compressor,10,,
air dryer specification,10,,
chiller capacity range,10,,
closed circuit cooling tower,10,,
compressed air dryer manufacturers,10,,
compressed air dryer sizing calculation,10,,
cooling tower capacity calculation formula,10,,
cooling tower fills manufacturers in chennai,10,,0.00
cooling tower manufacturers in bangalore,10,,0.41
cooling tower service in chennai,10,,0.00
cooling tower supplier near me,10,,0.40
diy refrigerated air dryer,10,,
do i need a filter on my air compressor,10,,
frp cooling tower manufacturer in ahmedabad,10,,
frp cooling tower supplier,10,,
heat exchanger capacity,10,,
heat exchanger details,10,,
how does a compressed air dryer work,10,,
how does a refrigerated air dryer work,10,,
how to design shell and tube heat exchanger,10,,
process chiller manufacturers,10,,
shell and tube heat exchanger example,10,,
shell and tube heat exchanger size,10,,
what is a process chiller,10,,
what is flake ice,10,,
