date,channel,sessions,users,engagement_rate,avg_session_seconds
2026-10-04,Direct,8,6,0.625,348.16
2026-10-04,Unassigned,1,1,1.0,96.12
2026-10-05,Direct,25,16,0.72,746.33
2026-10-05,Organic Search,12,7,0.6667,493.57
2026-10-06,Direct,28,20,0.6429,750.68
2026-10-06,Organic Search,13,9,0.6923,355.66
2026-10-07,Direct,20,13,0.2,431.14
2026-10-07,Organic Search,15,11,0.4667,285.8
2026-10-07,Unassigned,1,1,0,0
2026-10-08,Direct,45,40,0.1333,49.41
2026-10-08,Organic Search,13,11,0.6923,462.57
2026-10-09,Organic Search,14,12,0.7143,612.19
2026-10-09,Direct,12,12,0.4167,185.99
2026-10-09,Unassigned,1,1,0,12.21
2026-10-10,Organic Search,12,9,0.75,86.51
2026-10-10,Direct,8,8,0,0
