landing_page,channel,sessions,users,engagement_rate,avg_session_seconds
/,Direct,56,38,0.714,651.31
/,Organic Search,34,15,0.824,606.66
/,Unassigned,1,1,1,96.12
/products/desiccant-air-dryers.html,Direct,7,6,0.571,1745.86
/products/industrial-process-chillers.html,Direct,6,6,0.167,268.03
/products/industrial-process-chillers.html,Organic Search,1,1,0,0
/downloads.html,Direct,5,2,0.6,230.7
/downloads.html,Organic Search,1,1,1,3853.48
/blog/compressed-air-dryer-guide.html,Organic Search,4,3,0.5,60.32
/blog/how-to-size-a-process-chiller.html,Organic Search,3,3,0.333,6.31
/engineering-tools/chiller-tonnage-calculator.html,Organic Search,3,2,0.333,28.02
/blog/automatic-drain-valve-guide.html,Organic Search,2,2,0.5,14.09
/blog/moisture-separator-guide.html,Organic Search,2,2,1,106.54
/blog/iso-8573-1-compressed-air-purity-classes.html,Organic Search,2,1,1,66.46
/locations/pune-industrial-chillers.html,Organic Search,2,2,0.5,135.39
/products/compressed-air-filters.html,Organic Search,2,2,1,208.64
/products/square-cooling-towers.html,Organic Search,2,2,0.5,34.09
/products/air-receiver-tanks.html,Organic Search,1,1,1,347.4
/locations/chennai-industrial-chillers.html,Organic Search,1,1,1,1755.29
/locations/bangalore-industrial-chillers.html,Organic Search,1,1,0,0
/blog/how-a-process-chiller-works.html,Organic Search,1,1,0,0
/products/refrigerated-air-dryers.html,Direct,2,1,1,1528.72
/products/round-cooling-towers.html,Direct,3,3,0,1.68
/products/acid-cooling-chillers.html,Direct,2,2,0,0
/products/medical-scan-chillers.html,Direct,2,2,0,0
/products/closed-circuit-cooling-towers.html,Direct,2,2,0,0
/blog/refrigerated-vs-desiccant.html,Direct,2,2,0,0
/blog/refrigerated-vs-desiccant.html,Organic Search,1,1,1,45.87
/products/,Direct,2,2,0.5,481.64
/engineering-tools,Direct,3,1,0,0
/contact,Direct,1,1,1,41.29
/industries/diesel-gensets-power.html,Organic Search,1,1,1,1379.87
/industries/plastic-molding.html,Organic Search,1,1,1,724.33
/locations/bangalore-compressed-air-dryers.html,Organic Search,1,1,1,21.22
/locations/pune-cooling-towers.html,Organic Search,1,1,1,39.84
(not set),Organic Search,5,3,0,0
(not set),Direct,5,4,0,0.06
