file,width,height,kb,im_category,listings,source_url
2856515934848-frp-closed-circuit-cooling-tower.jpg,928,1600,159,cooling-towers,FRP Closed Circuit Cooling Tower,https://5.imimg.com/data5/SELLER/Default/2025/8/540110723/TF/IO/HD/2292828/frp-closed-circuit-cooling-tower.jpg
4821211133-dry-cooling-tower.jpg,500,500,32,cooling-towers,Dry Cooling Tower,https://5.imimg.com/data5/EL/PU/MY-2292828/dry-cooling-tower.jpg
2026921288-wooden-cooling-towers.jpg,500,500,32,cooling-towers,Wooden Cooling Towers,https://5.imimg.com/data5/DN/KL/MY-2292828/wooden-cooling-towers.jpg
2026870497-dry-cooling-towers.jpg,500,500,35,cooling-towers,Industrial Dry Cooling Towers,https://5.imimg.com/data5/UP/XP/MY-2292828/dry-cooling-towers.jpg
2026895588-cooling-tower-equipment.jpg,1000,1000,77,cooling-towers,Cooling Tower Equipment (dry cooler),https://5.imimg.com/data5/SELLER/Default/2024/8/445254472/JZ/GJ/MB/2292828/cooling-tower-equipment.jpg
2856515825791-square-cooling-tower.jpg,1048,1599,218,cooling-towers,Square Cooling Tower,https://5.imimg.com/data5/SELLER/Default/2025/8/540214412/EC/GU/NW/2292828/square-cooling-tower.jpg
2856515928055-industrial-dry-cooling-tower.jpg,1600,1219,174,cooling-towers,Frp Dry Cooling Towers / Dry Cooling Towers,https://5.imimg.com/data5/SELLER/Default/2025/8/540108295/ZQ/AB/RK/2292828/industrial-dry-cooling-tower.jpg
3817888248-frp-cooling-towers.jpg,1944,2592,587,cooling-towers,FRP Cooling Towers,https://5.imimg.com/data5/WP/AT/MY-2292828/frp-cooling-towers.jpg
2026850455-square-cooling-towers.jpg,1280,720,98,cooling-towers,Square Cooling Towers,https://5.imimg.com/data5/QE/SH/MY-2292828/square-cooling-towers.jpg
4233484212-fanless-cooling-tower.jpg,4320,3240,976,cooling-towers,Fanless Cooling Tower,https://5.imimg.com/data5/FG/ML/MY-2292828/fanless-cooling-tower.jpg
4233414391-induced-draft-cooling-tower.jpg,1024,768,89,cooling-towers,Frp Square Cooling Tower,https://5.imimg.com/data5/ST/NL/MY-2292828/induced-draft-cooling-tower.jpg
1816814955-round-type-cooling-towers.jpg,2448,3264,873,cooling-towers,Round Type Cooling Towers,https://5.imimg.com/data5/VB/OD/MY-2292828/round-type-cooling-towers.jpg
5663431712-evaporation-cooling-tower.jpg,1809,1221,321,cooling-towers,Multi Cell Cooling Tower,https://5.imimg.com/data5/VH/TL/MY-2292828/evaporation-cooling-tower.jpg
4233503388-double-cross-flow-cooling-towers.jpg,4288,3216,894,cooling-towers,Double Cross Flow Cooling Towers,https://5.imimg.com/data5/QW/VG/MY-2292828/double-cross-flow-cooling-towers.jpg
12174514788-bottle-type-cooling-tower.png,600,450,276,cooling-towers,Bottle Shaped Cooling Tower,https://5.imimg.com/data5/YX/YU/MY-2292828/bottle-type-cooling-tower.png
4821227397-condenser-cooling-tower.png,500,500,308,cooling-towers,Condenser Cooling Tower,https://5.imimg.com/data5/XN/ES/MY-2292828/condenser-cooling-tower.png
2856515629073-150-tr-frp-cooling-tower.jpg,1048,1599,218,cooling-towers,150 Tr Frp Cooling Tower,https://5.imimg.com/data5/SELLER/Default/2025/8/540213435/PS/ZQ/CG/2292828/150-tr-frp-cooling-tower.jpg
2856515641062-50tr-water-cooling-tower.jpg,928,1600,159,cooling-towers,50tr Water Cooling Tower,https://5.imimg.com/data5/SELLER/Default/2025/8/540212856/FL/ZI/RM/2292828/50tr-water-cooling-tower.jpg
2856515814530-100-tr-bottle-shape-cooling-tower.jpg,928,1600,159,cooling-towers,100 Tr Bottle Shape Cooling Tower,https://5.imimg.com/data5/SELLER/Default/2025/8/540213866/ZT/YV/AN/2292828/100-tr-bottle-shape-cooling-tower.jpg
2856515934962-100-tr-closed-circuit-cooling-tower.jpg,1048,1599,218,cooling-towers,100 TR Closed Circuit Cooling Tower,https://5.imimg.com/data5/SELLER/Default/2025/8/540111150/ND/QS/TT/2292828/100-tr-closed-circuit-cooling-tower.jpg
2856515910788-cross-flow-cooling-tower.jpg,1214,1600,168,cooling-towers,Cross Flow Cooling Tower,https://5.imimg.com/data5/SELLER/Default/2025/8/540107544/YI/GK/OE/2292828/cross-flow-cooling-tower.jpg
2856515840355-fiberglass-cooling-tower.jpg,928,1600,159,cooling-towers,Fiberglass Cooling Tower,https://5.imimg.com/data5/SELLER/Default/2025/8/540214702/HN/LR/EK/2292828/fiberglass-cooling-tower.jpg
2005457412-compact-air-dryers.jpg,3216,4288,941,air-dryers,Compact Air Dryers,https://5.imimg.com/data5/MV/EO/MY-2292828/compact-air-dryers.jpg
2850022716173-win-air-dryer.jpg,2000,1333,314,air-dryers,WIN Air Dryer,https://5.imimg.com/data5/SELLER/Default/2023/7/328696740/EG/WZ/RU/2292828/win-air-dryer.jpg
12174488912-refrigerated-compressed-air-dryer.jpg,2448,3264,1734,air-dryers,Refrigerated Compressed Air Dryer,https://5.imimg.com/data5/RD/HJ/MY-2292828/refrigerated-compressed-air-dryer.jpg
4233524630-heat-less-air-dryer.jpg,1080,1920,233,air-dryers,Heatless Air Dryer,https://5.imimg.com/data5/DX/HG/MY-2292828/heat-less-air-dryer.jpg
4233518012-compressed-air-dryer.jpg,1944,2592,416,air-dryers,Compressed Air Dryer,https://5.imimg.com/data5/XW/CD/MY-2292828/compressed-air-dryer.jpg
4233530091-industrial-dryers.jpg,2448,3264,1022,air-dryers,Desiccant Air Dryers,https://5.imimg.com/data5/WS/QL/MY-2292828/industrial-dryers.jpg
4233521397-desiccant-dryers.jpg,1080,1920,490,air-dryers,Desiccant Air Dryers,https://5.imimg.com/data5/BM/CW/MY-2292828/desiccant-dryers.jpg
12174442230-industrial-refrigerated-air-dryer.jpg,2448,3264,833,air-dryers,Industrial Refrigerated Air Dryer,https://5.imimg.com/data5/MM/AB/MY-2292828/industrial-refrigerated-air-dryer.jpg
20362198891-chiller.png,600,704,814,air-dryers,Industrial Water Chillers,https://5.imimg.com/data5/AC/TN/MY-2292828/chiller.png
3817884930-refrigerated-air-dryers.jpg,697,777,74,air-dryers,Refrigerated Air Dryers,https://5.imimg.com/data5/KY/PW/MY-2292828/refrigerated-air-dryers.jpg
2856515934788-closed-circuit-cooling-tower.jpg,1600,1219,174,cooling-tower,Closed Circuit Cooling Tower,https://5.imimg.com/data5/SELLER/Default/2025/8/540108821/EC/QL/KO/2292828/closed-circuit-cooling-tower.jpg
2856515629173-50-tr-frp-cooling-towers.jpg,928,1600,159,cooling-tower,50 Tr FRP Cooling Towers,https://5.imimg.com/data5/SELLER/Default/2025/8/540213266/LD/ZO/RZ/2292828/50-tr-frp-cooling-towers.jpg
2856515640673-water-cooling-tower.jpg,928,1600,159,cooling-tower,Water cooling tower,https://5.imimg.com/data5/SELLER/Default/2025/8/540213158/NH/PK/LL/2292828/water-cooling-tower.jpg
2856515640997-100-tr-water-cooling-tower.jpg,1048,1599,218,cooling-tower,100 TR Water Cooling Tower,https://5.imimg.com/data5/SELLER/Default/2025/8/540213007/GF/NL/LO/2292828/100-tr-water-cooling-tower.jpg
2856515814348-bottle-shape-cooling-tower.jpg,928,1600,159,cooling-tower,Bottle shape cooling tower / Bottle Shape Cooling Tower 50 TR,https://5.imimg.com/data5/SELLER/Default/2025/8/540213663/WE/AJ/PG/2292828/bottle-shape-cooling-tower.jpg
2856515928230-industrial-dry-cooling-tower.jpg,1179,971,96,cooling-tower,Industrial Dry Cooling Tower,https://5.imimg.com/data5/SELLER/Default/2025/8/540108419/OJ/TQ/RW/2292828/industrial-dry-cooling-tower.jpg
2857473733630-product-jpeg.jpg,520,1156,113,cooling-tower,Cooling Towers,https://5.imimg.com/data5/ANDROID/Default/2025/9/542228515/QK/US/SK/2292828/product-jpeg.jpg
12174559473-soda-chiller-unit.jpg,2448,3264,648,industrial-chillers,Soda Chiller Unit,https://5.imimg.com/data5/BX/TO/MY-2292828/soda-chiller-unit.jpg
2851853591112-water-cooled-screw-chillers.jpg,1135,1454,358,industrial-chillers,Water Cooled Screw Chillers,https://5.imimg.com/data5/SELLER/Default/2023/7/328695110/MS/WX/TV/2292828/water-cooled-screw-chillers.jpg
27153409533-air-cooled-chillers.jpg,960,1277,181,industrial-chillers,Air Cooled Chillers,https://5.imimg.com/data5/SELLER/Default/2024/11/464633924/MC/WQ/CW/2292828/air-cooled-chillers.jpg
5663370912-industrial-chiller.jpg,1080,1920,160,industrial-chillers,Industrial Chiller,https://5.imimg.com/data5/IX/WO/MY-2292828/industrial-chiller.jpg
20823153148-portable-chillers.jpg,500,500,26,industrial-chillers,Portable Mini Chiller,https://5.imimg.com/data5/RO/BD/QU/SELLER-2292828/portable-chillers.jpg
2856515976691-3-ton-online-water-chiller.jpg,720,1600,126,industrial-chillers,3 Ton Online Water Chiller,https://5.imimg.com/data5/SELLER/Default/2025/8/540107320/QJ/NA/AQ/2292828/3-ton-online-water-chiller.jpg
2856515976888-10-ton-online-water-chiller.jpg,1253,1600,196,industrial-chillers,10 Ton Online Water Chiller,https://5.imimg.com/data5/SELLER/Default/2025/8/540106111/SA/UY/YJ/2292828/10-ton-online-water-chiller.jpg
2850622220862-water-cooled-screw-chillers.jpg,1200,1600,377,industrial-chillers,Screw Chiller,https://5.imimg.com/data5/SELLER/Default/2023/7/328695005/NF/CZ/FU/2292828/water-cooled-screw-chillers.jpg
26739807562-plate-heat-excahnger.jpg,1000,1000,37,heat-exchangers,Plate Heat Exchanger,https://5.imimg.com/data5/SELLER/Default/2024/8/445254998/XK/CG/MB/2292828/plate-heat-excahnger.jpg
12174667812-plate-type-heat-exchanges.jpg,1330,1727,128,heat-exchangers,Plate Type Heat Exchangers,https://5.imimg.com/data5/DG/EP/MY-2292828/plate-type-heat-exchanges.jpg
2851853555055-dry-coolers.jpg,1499,2000,241,heat-exchangers,Dry Coolers,https://5.imimg.com/data5/SELLER/Default/2023/7/328695682/TU/VJ/SN/2292828/dry-coolers.jpg
4233400048-heat-exchangers.jpg,1800,1080,373,heat-exchangers,Heat Exchangers (shell and tube),https://5.imimg.com/data5/CI/QK/MY-2292828/heat-exchangers.jpg
26739779191-plate-heat-excahnger.jpg,550,550,15,heat-exchangers,Plate Heat Exchanger,https://5.imimg.com/data5/SELLER/Default/2022/9/XY/ZI/TZ/2292828/plate-heat-excahnger.jpg
2097115212-pvc-fills.jpg,1000,700,82,spares-for-cooling-towers,Fills For Cooling Tower,https://5.imimg.com/data5/AN/TR/MY-2292828/pvc-fills.jpg
5663544955-frp-body-for-cooling-tower.jpg,1024,1280,179,spares-for-cooling-towers,FRP Square Type Cooling Tower,https://5.imimg.com/data5/OH/FF/MY-2292828/frp-body-for-cooling-tower.jpg
2098702248-polypropylene-rings.png,500,500,288,spares-for-cooling-towers,Polypropylene Rings,https://5.imimg.com/data5/OQ/IS/MY-2292828/polypropylene-rings.png
4233448855-cooling-tower-fans.jpg,726,709,28,spares-for-cooling-towers,Cooling Tower Fans,https://5.imimg.com/data5/VA/KR/MY-2292828/cooling-tower-fans.jpg
5663567433-pp-rings.png,500,500,266,spares-for-cooling-towers,PP Rings,https://5.imimg.com/data5/SC/YP/MY-2292828/pp-rings.png
4233362962-cooling-tower-spares.jpg,500,500,36,spares-for-cooling-towers,Cooling Tower Spares (PVC fill),https://5.imimg.com/data5/TX/NL/MY-2292828/cooling-tower-spares.jpg
2098650297-cooling-tower-spray-nozzle.png,500,500,173,spares-for-cooling-towers,Cooling Tower Spray Nozzle,https://5.imimg.com/data5/MP/LH/MY-2292828/cooling-tower-spray-nozzle.png
2098627391-drift-eliminators.jpg,500,500,35,spares-for-cooling-towers,Drift Eliminator,https://5.imimg.com/data5/PW/IM/MY-2292828/drift-eliminators.jpg
2098675255-flanged-shaft-motor.jpg,1000,1000,53,spares-for-air-dryer,Flanged Shaft Motor,https://5.imimg.com/data5/SELLER/Default/2024/6/426009480/EI/QE/XX/2292828/flanged-shaft-motor.jpg
2098850133-hot-gas-bypass-valve.jpg,1000,1000,83,spares-for-air-dryer,Hot Gas Bypass Valve,https://5.imimg.com/data5/SELLER/Default/2024/6/426010276/XX/OD/KT/2292828/hot-gas-bypass-valve.jpg
2098834812-axial-fan.jpg,950,836,104,spares-for-air-dryer,Axial Cooling Fan,https://5.imimg.com/data5/LM/FC/MY-2292828/axial-fan.jpg
2098843973-expansion-valve.jpg,500,500,20,spares-for-air-dryer,Thermostatic Expansion Valve,https://5.imimg.com/data5/CP/UV/MY-2292828/expansion-valve.jpg
20364416612-refrigeration-gases.jpg,500,500,11,spares-for-air-dryer,Refrigeration Gases,https://5.imimg.com/data5/UU/XB/MY-2292828/refrigeration-gases.jpg
2098867797-pressure-switches.jpg,500,500,12,spares-for-air-dryer,Pressure Switches,https://5.imimg.com/data5/VU/KN/MY-2292828/pressure-switches.jpg
2098854512-filter-drier.jpg,500,500,18,spares-for-air-dryer,Filter Drier,https://5.imimg.com/data5/BJ/NM/MY-2292828/filter-drier.jpg
21246483330-pvc-fills-for-cooling-tower.jpeg,1024,606,118,air-filters,Pvc Fills For Cooling Tower,https://5.imimg.com/data5/SELLER/Default/2021/2/IX/DG/RJ/2292828/pvc-fills-for-cooling-tower.jpeg
1816815097-air-filters.jpg,2448,3264,820,air-filters,High Pressure Compressed Air Filters,https://5.imimg.com/data5/YN/AG/MY-2292828/air-filters.jpg
12174610433-micro-compressed-air-filter.jpg,424,500,23,air-filters,Micro Compressed Air Filter,https://5.imimg.com/data5/ML/OE/MY-2292828/micro-compressed-air-filter.jpg
3817890597-compressed-air-filter.png,450,400,161,air-filters,Compressed Air Filter,https://5.imimg.com/data5/CS/GY/MY-2292828/compressed-air-filter.png
3817894455-industrial-coolers.jpg,1241,648,50,industrial-aftercooler,Industrial After cooler,https://5.imimg.com/data5/FQ/PM/MY-2292828/industrial-coolers.jpg
2026994162-air-cooled-after-coolers.jpg,1944,2592,361,industrial-aftercooler,Air Cooled Aftercooler,https://5.imimg.com/data5/MK/XB/MY-2292828/air-cooled-after-coolers.jpg
2026980591-water-cooled-after-coolers.jpg,1800,1080,373,industrial-aftercooler,Water Cooled Aftercooler,https://5.imimg.com/data5/TB/KN/MY-2292828/water-cooled-after-coolers.jpg
4233431197-air-aftercoolers.jpg,2863,2854,756,industrial-aftercooler,Air Aftercoolers,https://5.imimg.com/data5/SJ/IW/MY-2292828/air-aftercoolers.jpg
12174734348-vertical-after-cooler.jpg,1944,2592,877,industrial-aftercooler,Vertical Aftercooler,https://5.imimg.com/data5/VF/FC/MY-2292828/vertical-after-cooler.jpg
25236609612-water-cooled-chillers.jpeg,1198,1280,189,water-chiller,Water Cooled Chillers,https://5.imimg.com/data5/SELLER/Default/2024/8/445253685/WB/XD/MO/2292828/water-cooled-chillers.jpeg
22310940597-water-chilling-machine.jpg,1500,2000,1027,water-chiller,Water Chilling Machine,https://5.imimg.com/data5/SELLER/Default/2020/11/YJ/UI/YB/2292828/water-chilling-machine.jpg
2856515976530-5-ton-online-chiller.jpg,720,1023,88,water-chiller,5 Ton Online Chiller,https://5.imimg.com/data5/SELLER/Default/2025/8/540107129/YG/BA/QB/2292828/5-ton-online-chiller.jpg
2005588791-auto-drain-valves.png,1000,1000,564,automatic-drain-valves,Auto Drain Valves,https://5.imimg.com/data5/SELLER/Default/2024/6/426008951/QP/NI/ER/2292828/auto-drain-valves.png
9671332991-pneumatic-drain-valve.jpg,1000,1000,47,automatic-drain-valves,Pneumatic Drain Valve,https://5.imimg.com/data5/SELLER/Default/2024/6/426009757/YT/ZT/ZM/2292828/pneumatic-drain-valve.jpg
5664461433-automatic-drain-valve.jpg,600,600,36,automatic-drain-valves,Automatic Drain Valve,https://5.imimg.com/data5/LI/VJ/MY-2292828/automatic-drain-valve.jpg
12174635362-industrial-moisture-separators.jpg,1200,1788,126,moisture-separators,Industrial Moisture Separators,https://5.imimg.com/data5/VH/AD/MY-2292828/industrial-moisture-separators.jpg
12174630888-air-moisture-separators.jpg,500,500,14,moisture-separators,Air Moisture Separators,https://5.imimg.com/data5/VY/TI/MY-2292828/air-moisture-separators.jpg
2026970488-moisture-separator-with-drain-valve.jpg,500,500,33,moisture-separators,Moisture Separator With Drain Valve,https://5.imimg.com/data5/CT/AE/MY-2292828/moisture-separator-with-drain-valve.jpg
3817893288-moisture-separator.png,520,719,407,moisture-separators,Moisture Separator,https://5.imimg.com/data5/JM/DV/MY-2292828/moisture-separator.png
23141769488-whatsapp-image-2021-02-11-at-12-09-31-pm.jpeg,1024,606,118,pvc-cooling-tower-fills,Cooling Tower Pvc Fills,https://5.imimg.com/data5/SELLER/Default/2021/2/NY/VK/TW/2292828/whatsapp-image-2021-02-11-at-12-09-31-pm.jpeg
2855192207212-air-cooled-aftercoolers.jpg,2000,1500,571,air-cooled-aftercoolers,Air Cooled Aftercoolers,https://5.imimg.com/data5/SELLER/Default/2024/10/461064081/WV/TC/IE/2292828/air-cooled-aftercoolers.jpg
4233353488-vertical-air-receiver-tanks.jpg,1944,2592,366,air-receivers,Vertical Air Receivers,https://5.imimg.com/data5/YI/GL/MY-2292828/vertical-air-receiver-tanks.jpg
2027164230-industrial-air-receivers.jpg,1944,2592,795,air-receivers,500 Lit Air Receiver Tank,https://5.imimg.com/data5/LN/MW/MY-2292828/industrial-air-receivers.jpg
2850622221112-air-compressor-tank.jpg,1499,2000,173,air-receivers,Air Compressor Tank,https://5.imimg.com/data5/SELLER/Default/2023/7/328696120/IB/MF/NY/2292828/air-compressor-tank.jpg
5663535891-horizontal-air-receivers.jpg,500,500,13,air-receivers,Horizontal Air Receivers,https://5.imimg.com/data5/YN/VA/MY-2292828/horizontal-air-receivers.jpg
5663766362-air-filter-element.jpg,663,997,52,spares-for-ca-filters,Air Filter Element,https://5.imimg.com/data5/PL/KB/MY-2292828/air-filter-element.jpg
3817901491-compressed-air-filters-element.jpg,1000,1000,54,spares-for-ca-filters,Compressed Air Filters Element,https://5.imimg.com/data5/YC/JA/MY-2292828/compressed-air-filters-element.jpg
20368999062-project-consultancy-services.jpg,500,500,13,project-consultancy-services,Project Consultancy Services,https://5.imimg.com/data5/HW/BQ/MY-2292828/project-consultancy-services.jpg
22876671491-water-chiller.jpg,1500,2000,1059,commercial-water-and-air-chiller,Water Chiller,https://5.imimg.com/data5/SELLER/Default/2020/11/ZD/QD/UB/2292828/water-chiller.jpg
2852821945433-panel-fan.jpeg,1000,1000,42,panel-cooling-fan,Panel Cooling Fan,https://5.imimg.com/data5/SELLER/Default/2023/11/359003846/MI/QT/CU/2292828/panel-fan.jpeg
12174570897-chiller-for-injection-mould.jpg,1500,2000,5981,new-items,Chiller for injection mould,https://5.imimg.com/data5/SELLER/Default/2024/10/460618289/FN/OP/IB/2292828/chiller-for-injection-mould.jpg
23141769212-whatsapp-image-2021-02-11-at-12-09-31-pm.jpeg,1024,606,118,new-items,Honeycomb Pvc Fills,https://5.imimg.com/data5/SELLER/Default/2021/2/OM/LG/PA/2292828/whatsapp-image-2021-02-11-at-12-09-31-pm.jpeg
23141769312-whatsapp-image-2021-02-11-at-12-09-31-pm.jpeg,1024,606,118,new-items,Cooling Tower Fills,https://5.imimg.com/data5/SELLER/Default/2021/2/YN/VG/NR/2292828/whatsapp-image-2021-02-11-at-12-09-31-pm.jpeg
23141769133-whatsapp-image-2021-02-11-at-12-09-31-pm.jpeg,1024,606,118,new-items,Cooling Tower Pvc Fills,https://5.imimg.com/data5/SELLER/Default/2021/2/XH/DE/NE/2292828/whatsapp-image-2021-02-11-at-12-09-31-pm.jpeg
