id,im_category,name,price_inr,unit,specs,image,brochure
2856515934848,cooling-towers,FRP Closed Circuit Cooling Tower,25000,Piece,"Cooling Capacity: 10 TR | Usage: Industrial | Shape: Round | Tower Material: Fiberglass Reinforced Polyester | Made in India",SELLER/Default/2025/8/540110723/TF/IO/HD/2292828/frp-closed-circuit-cooling-tower-500x500.jpg,
4821211133,cooling-towers,Dry Cooling Tower,450000,Unit,"Capacity: 150 to 2000 kVA | Brand: Win | Tower Type: Forced Draft | Outlet temperature: 45 °C | Flow Rate: 600 to 10000 L/min | Inlet Water Pressure: 2 to 3 bar | Inlet Water Temperature: 75 to 90 °C | Outlet Water Temperature: Amb + 4 °C",EL/PU/MY-2292828/dry-cooling-tower-500x500.jpg,
2026921288,cooling-towers,Wooden Cooling Towers,300000,Unit,"Capacity: 10 TR | Motor Power: 0.5 HP | Phase: 3 | Model: WCT-010 | Motor Speed: 1440 rpm | Shipping Weight: 80 kg | Operating Weight: 280 kg | Dimensions: 930x1690 mm (DxH)",DN/KL/MY-2292828/wooden-cooling-towers-500x500.jpg,
2026870497,cooling-towers,Industrial Dry Cooling Towers,300000,Unit,"Brand: Win | Capacity: 150 to 2000 kVA | Motor Power: 3 HP | Supply Voltage: 415 V | Flow Rate: 400 to 2200 L/min | Inlet Water Pressure: 2 to 3 bar | Inlet Water Temperature: 75 to 90 °C | Applications: air compressor and genset engine water cooling",UP/XP/MY-2292828/dry-cooling-towers-500x500.jpg,
2026895588,cooling-towers,Cooling Tower Equipment (dry cooler),150000,Piece,"Capacity: 150 to 2000 kVA (diesel genset) | Brand: Win | Inlet Water Pressure: 2 to 3 bar g | Inlet Water Temperature: 75 to 90 °C | Outlet: Amb + 4 °C | finned heat exchanger, electric-motor fan, channel base frame",SELLER/Default/2024/8/445254472/JZ/GJ/MB/2292828/cooling-tower-equipment-500x500.jpg,QQ/FX/MY-2292828/win-aqua-saver.pdf
2856515825791,cooling-towers,Square Cooling Tower,150000,Piece,Cooling Capacity: 100 TR,SELLER/Default/2025/8/540214412/EC/GU/NW/2292828/square-cooling-tower-500x500.jpg,
2856515928055,cooling-towers,Frp Dry Cooling Towers,425000,Piece,Cooling Capacity: 50 TR,SELLER/Default/2025/8/540108295/ZQ/AB/RK/2292828/industrial-dry-cooling-tower-500x500.jpg,
3817888248,cooling-towers,FRP Cooling Towers,250000,Unit,"Brand: Win | Capacity: 10 to 300 TR | Inlet Water Pressure: 2 to 3 bar | Inlet Water Temperature: 40 to 100 °C | Outlet Water Temperature: WBT + 4 °C",WP/AT/MY-2292828/frp-cooling-towers-500x500.jpg,
2026850455,cooling-towers,Square Cooling Towers,450000,Piece,"Brand: Win | Tower Type: Induced Draft | Motor Power: 2 to 15 HP | Supply Voltage: 415 V | Flow Rate: 600 to 10000 L/min | Cooling Capacity: 60 to 1000 TR",QE/SH/MY-2292828/square-cooling-towers-500x500.jpg,
4233484212,cooling-towers,Fanless Cooling Tower,100000,Unit,"Type: Natural Draft | Brand: Win | Phase: 3 | Water Temperature: 75 to 90 °C | uses: generators, foundries, induction furnaces, air compressors, refrigeration",FG/ML/MY-2292828/fanless-cooling-tower-500x500.jpg,
4233414391,cooling-towers,Frp Square Cooling Tower,150000,Unit,"Tower Material: FRP | Frequency: 50 Hz | Temperature: 55 °C | Voltage: 380 V | Phase: 3",ST/NL/MY-2292828/induced-draft-cooling-tower-500x500.jpg,
1816814955,cooling-towers,Round Type Cooling Towers,80000,Piece,"Brand: Win | Flow Rate: 100 to 3000 LPM | Motor Power: 0.5 to 12.5 HP | Supply Voltage: 415 V | Capacity: 10 to 300 TR | Inlet Water Pressure: 2 to 3 bar | Inlet Water Temperature: 40 to 100 °C | Outlet: WBT + 4 °C",VB/OD/MY-2292828/round-type-cooling-towers-500x500.jpg,
5663431712,cooling-towers,Multi Cell Cooling Tower,150000,Piece,"Brand: Win | Tower Design: Open Loop | Voltage: 240 V | Phase: 3 | Pipeline Leak Test: 5 bar | Water Temperature: 75 to 120 °C | counter-flow rectangular cells",VH/TL/MY-2292828/evaporation-cooling-tower-500x500.jpg,
4233503388,cooling-towers,Double Cross Flow Cooling Towers,500000,Piece,"Brand: Win | Tower Type: Induced Draft | Supply Voltage: 415 V | Motor Power: 5 HP | Cooling Capacity: 20 to 1000 TR | FRP casing with epoxy | honeycomb PVC fills | PVC spray nozzles",QW/VG/MY-2292828/double-cross-flow-cooling-towers-500x500.jpg,
12174514788,cooling-towers,Bottle Shaped Cooling Tower,85000,Unit,"Capacity: 10 - 300 TR | Brand: Win | Outlet Water Temperature: WBT + 4 °C | Inlet Temperature: 40 - 100 °C | Inlet Pressure: 2 - 3 bar",YX/YU/MY-2292828/bottle-type-cooling-tower-500x500.png,GR/XX/MY-2292828/cooling-tower.pdf
4821227397,cooling-towers,Condenser Cooling Tower,1500000,Unit,"Brand: Win | Supply Voltage: 415 V | Protection grade: IP55 | Phase: 3 | TEFC extended-shaft CT motors | dynamically balanced axial fan | honeycomb PVC fills | rotary sprinkler | HDG MS structure | UV-resin FRP casing",XN/ES/MY-2292828/condenser-cooling-tower-500x500.png,
2856515629073,cooling-towers,150 Tr Frp Cooling Tower,150000,Piece,,SELLER/Default/2025/8/540213435/PS/ZQ/CG/2292828/150-tr-frp-cooling-tower-500x500.jpg,
2856515641062,cooling-towers,50tr Water Cooling Tower,65000,Piece,,SELLER/Default/2025/8/540212856/FL/ZI/RM/2292828/50tr-water-cooling-tower-500x500.jpg,
2856515814530,cooling-towers,100 Tr Bottle Shape Cooling Tower,125000,Piece,,SELLER/Default/2025/8/540213866/ZT/YV/AN/2292828/100-tr-bottle-shape-cooling-tower-500x500.jpg,
2856515927891,cooling-towers,Dry Cooling Towers,425000,Piece,,SELLER/Default/2025/8/540108295/ZQ/AB/RK/2292828/industrial-dry-cooling-tower-500x500.jpg,
2856515934962,cooling-towers,100 TR Closed Circuit Cooling Tower,125000,Piece,,SELLER/Default/2025/8/540111150/ND/QS/TT/2292828/100-tr-closed-circuit-cooling-tower-500x500.jpg,
2856515910788,cooling-towers,Cross Flow Cooling Tower,,,,SELLER/Default/2025/8/540107544/YI/GK/OE/2292828/cross-flow-cooling-tower-500x500.jpg,
2856515840355,cooling-towers,Fiberglass Cooling Tower,25000,Piece,"Cooling Capacity: up to 50 TR | Type: Induced Draft | (also lists 100 TR) | Shape: Round",SELLER/Default/2025/8/540214702/HN/LR/EK/2292828/fiberglass-cooling-tower-500x500.jpg,
2850622221097,cooling-towers,Cooling Tower Repairing Services,,,,,
2850622221291,cooling-towers,Cooling Tower Motors,,,"flange-mounted, for high-humidity outdoor duty",,
2856515640833,cooling-towers,FRP Water Cooling Tower,,,,,
2856515897730,cooling-towers,Wooden Cross Flow Cooling Tower,,,,,
2856515874248,cooling-towers,Induced Draft Cooling Tower,,,,,
2856515874397,cooling-towers,Frp Induced Draft Cooling Tower,,,,,
2856515874533,cooling-towers,Induced Draft Frp Cooling Towers,,,,,
2856515887688,cooling-towers,Natural Draft Cooling Towers,,,,,
2856515887791,cooling-towers,Frp Natural Draft Cooling Towers,,,,,
2005457412,air-dryers,Compact Air Dryers,15000,Unit,"Air flow: 10 to 40 cfm | Max Pressure: 16 bar | Max Inlet Temp: 40 °C | Max Ambient: 45 °C | Brand: Win | Type: Regenerative desiccant | wall mounted, no moving parts, electronic timer",MV/EO/MY-2292828/compact-air-dryers-500x500.jpg,
2850022716173,air-dryers,WIN Air Dryer,28000,Piece,"Capacity: 300 | Automatic | Voltage: 230 | Type: Refrigeration dryer | Air Flow: 10 to 500 CFM",SELLER/Default/2023/7/328696740/EG/WZ/RU/2292828/win-air-dryer-500x500.jpg,
12174488912,air-dryers,Refrigerated Compressed Air Dryer,350000,Unit,"Drying Capacity: 1250-1500 cfm | Compressor HP: 300-350 HP | Model: WRD 1250 | Range: 10-2000 cfm | Inlet Pressure: 3-16 bar g | Inlet Temp: 10-60 °C | PDP: +3 °C | Brand: Win",RD/HJ/MY-2292828/refrigerated-compressed-air-dryer-500x500.jpg,TR/EN/MY-2292828/refrigerated-compressed-air-dryer.pdf
4233524630,air-dryers,Heatless Air Dryer,120000,Unit,"Max Ambient: 45 °C | Max Pressure: 16 bar | Air flow: 20 to 1000 cfm | Max Inlet Temp: 40 °C | Brand: Win",DX/HG/MY-2292828/heat-less-air-dryer-500x500.jpg,
4233518012,air-dryers,Compressed Air Dryer,25000,Unit,"Drying Capacity: 51-120 cfm | Max Pressure: 14 bar | Warranty: 12 months | Material: MS | Brand: Win | (refrigerated)",XW/CD/MY-2292828/compressed-air-dryer-500x500.jpg,
4233530091,air-dryers,Desiccant Air Dryers,75000,Unit,"Brand: Win | Max temperature: 40 to 100 °C | Inlet Pressure: 16 bar max | Material: MS",WS/QL/MY-2292828/industrial-dryers-500x500.jpg,
4233521397,air-dryers,Desiccant Air Dryers,250000,Piece,"Max Pressure: 8 bar | Drying Capacity: 121-500 cfm | Material: MS | Brand: Win | uses: paint booths, food packaging, textile",BM/CW/MY-2292828/desiccant-dryers-500x500.jpg,
12174442230,air-dryers,Industrial Refrigerated Air Dryer,200000,Unit,"Model: WRD 500 T | Inlet Pressure: 3 to 16 bar | Inlet Temp: 10-60 °C | Capacity: 10-2000 cfm | PDP: +3 °C | Brand: Win",MM/AB/MY-2292828/industrial-refrigerated-air-dryer-500x500.jpg,
20362198891,air-dryers,Industrial Water Chillers,650000,Tonne,"Capacity: 0.5 TR - 30 TR | Model: WCP 100 | Brand: Win | Evaporating Temp: 5 °C | Inlet Temp: 5 - 30 °C | Inlet Pressure: 2 - 3 bar | BPHE and tube-in-tube",AC/TN/MY-2292828/chiller-500x500.png,
3817884930,air-dryers,Refrigerated Air Dryers,55000,Unit,"Brand: Win | Max Inlet Temp: 40 °C | Air flow: 10 to 2000 cfm | Max Ambient: 45 °C",KY/PW/MY-2292828/refrigerated-air-dryers-500x500.jpg,
2856515934788,cooling-tower,Closed Circuit Cooling Tower,525000,Piece,"Induced Draft | Cooling Capacity: 100 TR | Application: Automobile | Shape: Rectangular | Material: Metal",SELLER/Default/2025/8/540108821/EC/QL/KO/2292828/closed-circuit-cooling-tower-500x500.jpg,
2856515629173,cooling-tower,50 Tr FRP Cooling Towers,68000,Piece,,SELLER/Default/2025/8/540213266/LD/ZO/RZ/2292828/50-tr-frp-cooling-towers-500x500.jpg,
2856515640673,cooling-tower,Water cooling tower,18000,Piece,,SELLER/Default/2025/8/540213158/NH/PK/LL/2292828/water-cooling-tower-500x500.jpg,
2856515640997,cooling-tower,100 TR Water Cooling Tower,105000,Piece,,SELLER/Default/2025/8/540213007/GF/NL/LO/2292828/100-tr-water-cooling-tower-500x500.jpg,
2856515814348,cooling-tower,Bottle shape cooling tower,18000,Piece,,SELLER/Default/2025/8/540213663/WE/AJ/PG/2292828/bottle-shape-cooling-tower-500x500.jpg,
2856515814497,cooling-tower,Bottle Shape Cooling Tower 50 TR,80000,Piece,,SELLER/Default/2025/8/540213663/WE/AJ/PG/2292828/bottle-shape-cooling-tower-500x500.jpg,
2856515928230,cooling-tower,Industrial Dry Cooling Tower,425000,Piece,,SELLER/Default/2025/8/540108419/OJ/TQ/RW/2292828/industrial-dry-cooling-tower-500x500.jpg,
2857473733630,cooling-tower,Cooling Towers,125000,Piece,,ANDROID/Default/2025/9/542228515/QK/US/SK/2292828/product-jpeg-500x500.jpg,
2856515897462,cooling-tower,Wooden Cooling Tower,,,,,
2856515898055,cooling-tower,Wooden Induced Draft Cooling Tower,,,,,
2856515910862,cooling-tower,Frp Cross Flow Cooling Tower,,,,,
2856515840497,cooling-tower,5000 TR Fiberglass Cooling Tower,,,,,
2856515840512,cooling-tower,Industrial Fiberglass Cooling Tower,,,,,
2856515840612,cooling-tower,100TR Fiberglass Cooling Tower,,,,,
2856515887888,cooling-tower,Natural Draft Frp Cooling Tower,,,,,
12174559473,industrial-chillers,Soda Chiller Unit,120000,Unit,"Capacity: 0.5-20 TR | Brand: Win | Automatic | Inlet Water pressure: 2-4 bar | Temperature Difference: 5 °C | Inlet Water Temp: 5-30 °C",BX/TO/MY-2292828/soda-chiller-unit-500x500.jpg,
2851853591112,industrial-chillers,Water Cooled Screw Chillers,450000,Piece,"Material: Mild Steel | Unit Length: 10 m | Input Voltage: 415 V | Noise Level: 85-100 dB | Made in India | eco-friendly gas; water- and air-cooled",SELLER/Default/2023/7/328695110/MS/WX/TV/2292828/water-cooled-screw-chillers-500x500.jpg,
27153409533,industrial-chillers,Air Cooled Chillers,65000,Piece,"Material: Mild Steel | Phase: Three | Fully Automatic",SELLER/Default/2024/11/464633924/MC/WQ/CW/2292828/air-cooled-chillers-500x500.jpg,
5663370912,industrial-chillers,Industrial Chiller,110000,Unit,"Brand: Win | Temperature Difference: 5 °C | Inlet Water Temp: 5 to 30 °C | Inlet Water Pressure: 2-4 bar | Capacity: 0.5 TR to 20 TR | uses: automobile, injection moulding, hydraulics, compressor cooling, dairy, footwear",IX/WO/MY-2292828/industrial-chiller-500x500.jpg,YH/SU/MY-2292828/industrial-chiller.pdf
20823153148,industrial-chillers,Portable Mini Chiller,45000,Piece,"Brand: Win | Single Phase | Automatic | 50 Hz | Inlet Water pressure: 2-4 bar | Temperature Difference: 5 °C",RO/BD/QU/SELLER-2292828/portable-chillers-500x500.jpg,
2856515976691,industrial-chillers,3 Ton Online Water Chiller,140000,Piece,,SELLER/Default/2025/8/540107320/QJ/NA/AQ/2292828/3-ton-online-water-chiller-500x500.jpg,
2856515976888,industrial-chillers,10 Ton Online Water Chiller,350000,Piece,,SELLER/Default/2025/8/540106111/SA/UY/YJ/2292828/10-ton-online-water-chiller-500x500.jpg,
2850622220862,industrial-chillers,Screw Chiller,,,"screw compressor vapour-compression chiller",SELLER/Default/2023/7/328695005/NF/CZ/FU/2292828/water-cooled-screw-chillers-500x500.jpg,
2856515862391,industrial-chillers,Water Chillers 5 Ton,,,,,
2856515862555,industrial-chillers,2 Ton Water Chiller,,,,,
2850313483962,industrial-chillers,Scroll Chiller,350000,Piece,"Brand: WIN | Model: SC-100 | Compressor: scroll | Cooling Capacity: 10 TR | Power: 10 HP | range 10 TR to 100 TR",,
26739807562,heat-exchangers,Plate Heat Exchanger,8000,Piece,"Max Flow: 20-40 m3/hr | Brand: Win | Application: HVAC and refrigeration | Primary material: Aluminium",SELLER/Default/2024/8/445254998/XK/CG/MB/2292828/plate-heat-excahnger-500x500.jpg,
12174667812,heat-exchangers,Plate Type Heat Exchangers,80000,Piece,"Brand: Win | Application: Food processing | Primary material: Aluminium | Max Flow: 30-40 m3/hr | Temperature: 40 to 100 °C",DG/EP/MY-2292828/plate-type-heat-exchanges-500x500.jpg,
2851853555055,heat-exchangers,Dry Coolers,250000,Piece,"Cooling Capacity: 51-100 TR | Industrial | Rectangular | Metal | Three Phase | Fan Diameter: 600 mm | Made in India | furnace dry cooler, horizontal mount, closed coil",SELLER/Default/2023/7/328695682/TU/VJ/SN/2292828/dry-coolers-500x500.jpg,
4233400048,heat-exchangers,Heat Exchangers (shell and tube),50000,Piece,"Brand: Win | Inlet Temperature: 40 to 80 °C | Pressure: 8 bar | Material: MS | uses: oil coolers, aftercoolers, water coolers, condensers",CI/QK/MY-2292828/heat-exchangers-500x500.jpg,
26739779191,heat-exchangers,Plate Heat Exchanger,8000,Piece,"Brand: Win | Application: Dairy | Max Flow: 30-40 m3/hr | Primary material: Aluminium",SELLER/Default/2022/9/XY/ZI/TZ/2292828/plate-heat-excahnger-500x500.jpg,
2097115212,spares-for-cooling-towers,Fills For Cooling Tower,155,Piece,"Sheet Thickness: 0.2 to 0.25 mm | Material: PVC | Color: Black | Fill Size: 600 x 300 x 150 mm | Flute Height: 12 to 19 mm",AN/TR/MY-2292828/pvc-fills-500x500.jpg,
5663544955,spares-for-cooling-towers,FRP Square Type Cooling Tower,100000,Unit,"Capacity: 50 TR to 500 TR | Motor: 1.0 to 20 HP | Brand: Win | Inlet Water Temp: 40 to 100 °C",OH/FF/MY-2292828/frp-body-for-cooling-tower-500x500.jpg,
2098702248,spares-for-cooling-towers,Polypropylene Rings,2.25,Piece,"Color: White | Brand: Win | Temperature: over 90 °C | Material: Polypropylene | Sizes: 38x38, 50x50, 75x75 mm | pall-ring type",OQ/IS/MY-2292828/polypropylene-rings-500x500.png,
4233448855,spares-for-cooling-towers,Cooling Tower Fans,10000,Piece,"Material: Aluminium alloy | Bore Size: 28 mm | Blade Thickness: 4-8 mm | Blades: 4",VA/KR/MY-2292828/cooling-tower-fans-500x500.jpg,
5663567433,spares-for-cooling-towers,PP Rings,1.75,Piece,"Size: 38 mm | White | Application: scrubber | Material: PP | 38 x 38 | Temperature: 85 °C | Brand: Win",SC/YP/MY-2292828/pp-rings-500x500.png,
4233362962,spares-for-cooling-towers,Cooling Tower Spares (PVC fill),500,Piece,"Material: PVC | Dimensions: 750x800x160 mm | Black | Brand: Win",TX/NL/MY-2292828/cooling-tower-spares-500x500.jpg,
2098650297,spares-for-cooling-towers,Cooling Tower Spray Nozzle,75,Piece,"Black | Brand: Win | Material: PVC | Thread: 3/4 inch BSPT | Orifice: 3-4 mm",MP/LH/MY-2292828/cooling-tower-spray-nozzle-500x500.png,
2098627391,spares-for-cooling-towers,Drift Eliminator,750,Piece,"Material: rigid PVC | Black | Thickness: 0.3 mm | Size: 600x600x120 mm | for square towers; reduces carry-over loss",PW/IM/MY-2292828/drift-eliminators-500x500.jpg,
2098675255,spares-for-air-dryer,Flanged Shaft Motor,6000,Unit,"Phase: 3 | 415 V | 50 Hz | Torque: 50-150 Nm",SELLER/Default/2024/6/426009480/EI/QE/XX/2292828/flanged-shaft-motor-500x500.jpg,
2098850133,spares-for-air-dryer,Hot Gas Bypass Valve,7000,Unit,"Material: Brass | Media: Gas | Pressure: 36 bar",SELLER/Default/2024/6/426010276/XX/OD/KT/2292828/hot-gas-bypass-valve-500x500.jpg,
2098834812,spares-for-air-dryer,Axial Cooling Fan,5000,Unit,"AC | Blade: Mild Steel | Brand: Win | Noise: 28.5 dBA | 230 V",LM/FC/MY-2292828/axial-fan-500x500.jpg,
2098843973,spares-for-air-dryer,Thermostatic Expansion Valve,5000,Piece,"Brand: Win | Temperature: -40 to +10 °C",CP/UV/MY-2292828/expansion-valve-500x500.jpg,
20364416612,spares-for-air-dryer,Refrigeration Gases,1200,Kg,"Purity: 99.9%",UU/XB/MY-2292828/refrigeration-gases-500x500.jpg,
2098867797,spares-for-air-dryer,Pressure Switches,4500,Piece,"Media: Gas | Brand: Win | Range: 0.1-1.0 MPa | Ambient: -20 to 50 °C | 230 V",VU/KN/MY-2292828/pressure-switches-500x500.jpg,
2098854512,spares-for-air-dryer,Filter Drier,26000,Number,"Brand: Win | Max Working Pressure: 4.2 MPa | Refrigeration part | Body: Mild Steel",BJ/NM/MY-2292828/filter-drier-500x500.jpg,
21246483330,air-filters,Pvc Fills For Cooling Tower,195,Piece,"Size: 600 x 300 x 150 mm | Sheet Thickness: 0.2 to 0.25 mm | Brand: WIN | Blue | Flute Height: 12 to 19 mm | honeycomb / corrugated / double-edged",SELLER/Default/2021/2/IX/DG/RJ/2292828/pvc-fills-for-cooling-tower-500x500.jpeg,
1816815097,air-filters,High Pressure Compressed Air Filters,5000,Unit,"Brand: Win | Material: MS | Flow: 0-500 m3/h | Working Pressure: 5 to 16 bar",YN/AG/MY-2292828/air-filters-500x500.jpg,
12174610433,air-filters,Micro Compressed Air Filter,5000,Unit,"Brand: Win | Max Flow: 50-100 cfm | Max Pressure: 0-100 psi | Inlet Temp: 45 °C",ML/OE/MY-2292828/micro-compressed-air-filter-500x500.jpg,
3817890597,air-filters,Compressed Air Filter,20000,Unit,"Brand: Win | Inlet Temp: 45 °C | Inlet Pressure: 16 bar max",CS/GY/MY-2292828/compressed-air-filter-500x500.png,
3817894455,industrial-aftercooler,Industrial After cooler,150000,Piece,"Material: Mild Steel | Pressure: 4 to 8 bar | Brand: Win | Temperature: 180 °C",FQ/PM/MY-2292828/industrial-coolers-500x500.jpg,
2026994162,industrial-aftercooler,Air Cooled Aftercooler,25000,Piece,"Pressure: 12 bar | MS tube with copper fins | Brand: Win | Temperature: 65 to 200 °C",MK/XB/MY-2292828/air-cooled-after-coolers-500x500.jpg,
2026980591,industrial-aftercooler,Water Cooled Aftercooler,25000,Piece,"Capacity: 50 to 1000 cfm | Pressure: 16 bar | MS shell with copper tube | Brand: Win",TB/KN/MY-2292828/water-cooled-after-coolers-500x500.jpg,
4233431197,industrial-aftercooler,Air Aftercoolers,250000,Unit,"Capacity: 20 to 200 cfm | Pressure: 16 bar | Material: MS | Brand: Win",SJ/IW/MY-2292828/air-aftercoolers-500x500.jpg,
12174734348,industrial-aftercooler,Vertical Aftercooler,30000,Piece,"Capacity: 100-1000 cfm | Pressure: 5 to 16 bar | Material: MS | Brand: Win",VF/FC/MY-2292828/vertical-after-cooler-500x500.jpg,
25236609612,water-chiller,Water Cooled Chillers,55000,Piece,"Model: WCP | Capacity: 1 TR (3000 kcal/hr) | Power: 1 kW | Compressor: Danfoss/Copeland | listed Type: Air-Cooled | for injection moulding machines, 1 to 50 TR",SELLER/Default/2024/8/445253685/WB/XD/MO/2292828/water-cooled-chillers-500x500.jpeg,
22310940597,water-chiller,Water Chilling Machine,78000,Piece,"Model: WCP | Capacity: 1 TR (3000 kcal/hr) | Air-Cooled | Temperature: 5 to 15 °C | Phase: 3 | Refrigerant: R407C | Automatic",SELLER/Default/2020/11/YJ/UI/YB/2292828/water-chilling-machine-500x500.jpg,
2856515976530,water-chiller,5 Ton Online Chiller,230000,Piece,,SELLER/Default/2025/8/540107129/YG/BA/QB/2292828/5-ton-online-chiller-500x500.jpg,
25222927230,water-chiller,Plastic Machine Chiller,85000,Piece,"Model: WCP020 | Capacity: 2 TR (6200 kcal/hr) | Air-Cooled | Phase: 3 | Refrigerant: R22/R134A | hermetic compressor | injection mould",,
2005588791,automatic-drain-valves,Auto Drain Valves,1800,Piece,"Valve Size: 1 inch | Material: Aluminium | Brand: Win | Coil: 230 VAC | Pressure: 5 to 16 bar",SELLER/Default/2024/6/426008951/QP/NI/ER/2292828/auto-drain-valves-500x500.png,
9671332991,automatic-drain-valves,Pneumatic Drain Valve,5000,Piece,"Valve Size: 1 inch | Material: Aluminium | Brand: Win | Coil: 230 VAC | Pressure: 5 to 16 bar",SELLER/Default/2024/6/426009757/YT/ZT/ZM/2292828/pneumatic-drain-valve-500x500.jpg,
5664461433,automatic-drain-valves,Automatic Drain Valve,,,"Brand: Win | Drain Opening: 0.5 to 10 s | Interval: 1 to 120 min | Max Condensate Temp: 1 to 90 °C | Working Pressure: 3 to 70 bar",LI/VJ/MY-2292828/automatic-drain-valve-500x500.jpg,QG/LT/MY-2292828/automatic-drain-valve.pdf
12174635362,moisture-separators,Industrial Moisture Separators,35000,Piece,"Capacity: 100 to 1000 cfm | Brand: Win | Red | Material: Cast Iron",VH/AD/MY-2292828/industrial-moisture-separators-500x500.jpg,
12174630888,moisture-separators,Air Moisture Separators,25000,Unit,"Capacity: 100 to 1000 cfm | Brand: Win | Temperature: 40 to 100 °C | Material: SS",VY/TI/MY-2292828/air-moisture-separators-500x500.jpg,
2026970488,moisture-separators,Moisture Separator With Drain Valve,10000,Unit,"Capacity: 100 to 1000 cfm | Brand: Win | Temperature: 40 to 100 °C | Material: MS",CT/AE/MY-2292828/moisture-separator-with-drain-valve-500x500.jpg,
3817893288,moisture-separators,Moisture Separator,5000,Unit,"Capacity: 20 to 2000 cfm | Brand: Win | Pressure: 6 to 16 bar | Material: MS",JM/DV/MY-2292828/moisture-separator-500x500.png,
23141769488,pvc-cooling-tower-fills,Cooling Tower Pvc Fills,195,Piece,"Size: 600 x 300 x 150 mm | Brand: Win | PVC | Blue | Weight: 1 kg",SELLER/Default/2021/2/NY/VK/TW/2292828/whatsapp-image-2021-02-11-at-12-09-31-pm-500x500.jpeg,
2855192207212,air-cooled-aftercoolers,Air Cooled Aftercoolers,50000,Piece,"Capacity: 300 CFM | Pressure: 8 bar | Cooler: copper-aluminium | Air-Cooled | Brand: WIN | for sand blasting",SELLER/Default/2024/10/461064081/WV/TC/IE/2292828/air-cooled-aftercoolers-500x500.jpg,
4233353488,air-receivers,Vertical Air Receivers,80000,Unit,"Material: MS | Pressure Rating: 0-100 psi | Brand: Win | Vertical",YI/GL/MY-2292828/vertical-air-receiver-tanks-500x500.jpg,
2027164230,air-receivers,500 Lit Air Receiver Tank,30000,Piece,"Material: MS | Brand: Win | Capacity: 0.5 to 40 m3 | Inlet Pressure: 6 to 30 bar | Inlet Temp: 100 °C",LN/MW/MY-2292828/industrial-air-receivers-500x500.jpg,
2850622221112,air-receivers,Air Compressor Tank,,,,SELLER/Default/2023/7/328696120/IB/MF/NY/2292828/air-compressor-tank-500x500.jpg,
5663535891,air-receivers,Horizontal Air Receivers,50000,Piece,"Horizontal | Storage: 250-500 L | Pressure Rating: 0-100 psi | Material: MS",YN/VA/MY-2292828/horizontal-air-receivers-500x500.jpg,
5663766362,spares-for-ca-filters,Air Filter Element,5000,Unit,"Brand: Win | Pre filter: 5 micron | After filter: 1 micron | Micro filter: 0.1 micron | Carbon filter: 0.01 micron",PL/KB/MY-2292828/air-filter-element-500x500.jpg,
3817901491,spares-for-ca-filters,Compressed Air Filters Element,3500,Unit,"Cartridge | Brand: Win | Size: 0.01 to 25 micron | Air Flow: 10 to 1000 cfm",YC/JA/MY-2292828/compressed-air-filters-element-500x500.jpg,
20368999062,project-consultancy-services,Project Consultancy Services,,,"Mode: Offline | Location: All over India",HW/BQ/MY-2292828/project-consultancy-services-500x500.jpg,
22876671491,commercial-water-and-air-chiller,Water Chiller,55000,Piece,"Capacity: 2 TR | Industrial | Phase: 3 | air-cooled water chillers 0.5 to 15 TR, built-in tank and pump",SELLER/Default/2020/11/ZD/QD/UB/2292828/water-chiller-500x500.jpg,
2856515862491,commercial-water-and-air-chiller,Water Chiller Machine,,,,,
2852821945433,panel-cooling-fan,Panel Cooling Fan,,,"Size: 8 inch",SELLER/Default/2023/11/359003846/MI/QT/CU/2292828/panel-fan-500x500.jpeg,
12174570897,new-items,Chiller for injection mould,85000,Unit,"Capacity: 0.5 to 20 TR | Brand: Win | Automatic | Temperature Difference: 5 °C | Inlet Water Pressure: 2-4 bar | Inlet Water Temp: 5 to 30 °C",SELLER/Default/2024/10/460618289/FN/OP/IB/2292828/chiller-for-injection-mould-500x500.jpg,
23141769212,new-items,Honeycomb Pvc Fills,195,Piece,"PVC | Blue | 600x300x150 mm | listed brand: Dp Engineers (not Win)",SELLER/Default/2021/2/OM/LG/PA/2292828/whatsapp-image-2021-02-11-at-12-09-31-pm-500x500.jpeg,
23141769312,new-items,Cooling Tower Fills,19,Piece,"600x300x150 mm | Brand: Win | Blue",SELLER/Default/2021/2/YN/VG/NR/2292828/whatsapp-image-2021-02-11-at-12-09-31-pm-500x500.jpeg,
23141769133,new-items,Cooling Tower Pvc Fills,195,Piece,"600x300x150 mm | Sheet: 0.2 mm | PVC | Blue",SELLER/Default/2021/2/XH/DE/NE/2292828/whatsapp-image-2021-02-11-at-12-09-31-pm-500x500.jpeg,
