Page URL,ILR,Schema.org (JSON-LD),Schema.org (Microdata),Open Graph,Twitter Cards,Microformats,Article items,Book items,Breadcrumb items,Carousel items,Course items,COVID-19 announcements (BETA) items,Dataset items,Employer Aggregate Rating items,Estimated salary items,Event items,Fact Check items,FAQ items,Guided recipe items,How-to items,Job posting items,Local Business items,Logo items,Merchant listing items,Movie items,Product snippet items,Product group items,Q&A items,Recipe on search items,Review snippet items,Sitelinks search box items,Site names items,Software App items,Vehicle listing items,Video items
https://winequipments.com/,88,1,0,1,1,0,0,0,0,0,0,0,0,0,0,0,1,0,0,0,0,1,0,0,0,1,0,0,0,0,0,1,0,0,0,0
https://winequipments.com/about.html,87,1,0,1,1,0,0,0,1,0,0,0,0,0,0,0,0,0,0,0,0,1,0,0,0,1,0,0,0,0,0,0,0,0,0,0
https://winequipments.com/blog.html,98,1,0,1,1,0,0,0,1,0,0,0,0,0,0,0,0,0,0,0,0,1,0,0,0,1,0,0,0,0,0,0,0,0,0,0
https://winequipments.com/blog/aftercooler-vs-air-dryer.html,47,1,0,1,1,0,1,0,1,0,0,0,0,0,0,0,1,0,0,0,0,1,0,0,0,2,0,0,0,0,0,0,0,0,0,0
https://winequipments.com/blog/air-cooled-vs-water-cooled-chiller.html,48,1,0,1,1,0,1,0,1,0,0,0,0,0,0,0,1,0,0,0,0,1,0,0,0,2,0,0,0,0,0,0,0,0,0,0
https://winequipments.com/blog/applications-textile-food.html,15,1,0,1,1,0,1,0,1,0,0,0,0,0,0,0,1,0,0,0,0,1,0,0,0,2,0,0,0,0,0,0,0,0,0,0
https://winequipments.com/blog/automatic-drain-valve-guide.html,38,1,0,1,1,0,1,0,1,0,0,0,0,0,0,0,1,0,0,0,0,1,0,0,0,2,0,0,0,0,0,0,0,0,0,0
https://winequipments.com/blog/chiller-price-guide.html,30,1,0,1,1,0,1,0,1,0,0,0,0,0,0,0,1,0,0,0,0,1,0,0,0,2,0,0,0,0,0,0,0,0,0,0
https://winequipments.com/blog/coil-cooling-towers-for-diesel-gensets.html,18,1,0,1,1,0,1,0,1,0,0,0,0,0,0,0,1,0,0,0,0,1,0,0,0,2,0,0,0,0,0,0,0,0,0,0
https://winequipments.com/blog/compressed-air-dryer-guide.html,33,1,0,1,1,0,1,0,1,0,0,0,0,0,0,0,1,0,0,0,0,1,0,0,0,2,0,0,0,0,0,0,0,0,0,0
https://winequipments.com/blog/cooling-tower-range-approach-wet-bulb.html,60,1,0,1,1,0,1,0,1,0,0,0,0,0,0,0,1,0,0,0,0,1,0,0,0,2,0,0,0,0,0,0,0,0,0,0
https://winequipments.com/blog/cross-flow-vs-counter-flow-cooling-tower.html,28,1,0,1,1,0,1,0,1,0,0,0,0,0,0,0,1,0,0,0,0,1,0,0,0,2,0,0,0,0,0,0,0,0,0,0
https://winequipments.com/blog/frp-vs-coil-cooling-tower.html,40,1,0,1,1,0,1,0,1,0,0,0,0,0,0,0,1,0,0,0,0,1,0,0,0,2,0,0,0,0,0,0,0,0,0,0
https://winequipments.com/blog/glossary.html,90,1,0,1,1,0,0,0,1,0,0,0,0,0,0,0,0,0,0,0,0,1,0,0,0,1,0,0,0,0,0,0,0,0,0,0
https://winequipments.com/blog/how-a-desiccant-air-dryer-works.html,32,1,0,1,1,0,1,0,1,0,0,0,0,0,0,0,1,0,0,0,0,1,0,0,0,2,0,0,0,0,0,0,0,0,0,1
https://winequipments.com/blog/how-a-process-chiller-works.html,57,1,0,1,1,0,1,0,1,0,0,0,0,0,0,0,1,0,0,0,0,1,0,0,0,2,0,0,0,0,0,0,0,0,0,1
https://winequipments.com/blog/how-to-choose-a-chiller.html,22,1,0,1,1,0,1,0,1,0,0,0,0,0,0,0,1,0,0,0,0,1,0,0,0,2,0,0,0,0,0,0,0,0,0,0
https://winequipments.com/blog/how-to-choose-dryer.html,65,1,0,1,1,0,1,0,1,0,0,0,0,0,0,0,1,0,0,0,0,1,0,0,0,2,0,0,0,0,0,0,0,0,0,0
https://winequipments.com/blog/how-to-size-a-process-chiller.html,70,1,0,1,1,0,1,0,1,0,0,0,0,0,0,0,1,0,0,0,0,1,0,0,0,2,0,0,0,0,0,0,0,0,0,0
https://winequipments.com/blog/industrial-equipment-prices-india.html,27,1,0,1,1,0,1,0,1,0,0,0,0,0,0,0,1,0,0,0,0,1,0,0,0,2,0,0,0,0,0,0,0,0,0,0
https://winequipments.com/blog/iso-8573-1-compressed-air-purity-classes.html,45,1,0,1,1,0,1,0,1,0,0,0,0,0,0,0,1,0,0,0,0,1,0,0,0,2,0,0,0,0,0,0,0,0,0,0
https://winequipments.com/blog/key-benefits-refrigerated-air-dryers.html,13,1,0,1,1,0,1,0,1,0,0,0,0,0,0,0,1,0,0,0,0,1,0,0,0,2,0,0,0,0,0,0,0,0,0,0
https://winequipments.com/blog/maintenance-tips-hot-climates.html,13,1,0,1,1,0,1,0,1,0,0,0,0,0,0,0,1,0,0,0,0,1,0,0,0,2,0,0,0,0,0,0,0,0,0,0
https://winequipments.com/blog/moisture-separator-guide.html,37,1,0,1,1,0,1,0,1,0,0,0,0,0,0,0,1,0,0,0,0,1,0,0,0,2,0,0,0,0,0,0,0,0,0,0
https://winequipments.com/blog/refrigerated-vs-desiccant.html,68,1,0,1,1,0,1,0,1,0,0,0,0,0,0,0,1,0,0,0,0,1,0,0,0,2,0,0,0,0,0,0,0,0,0,0
https://winequipments.com/blog/save-energy-reduce-costs.html,17,1,0,1,1,0,1,0,1,0,0,0,0,0,0,0,1,0,0,0,0,1,0,0,0,2,0,0,0,0,0,0,0,0,0,0
https://winequipments.com/blog/shell-and-tube-heat-exchanger-guide.html,23,1,0,1,1,0,1,0,1,0,0,0,0,0,0,0,1,0,0,0,0,1,0,0,0,2,0,0,0,0,0,0,0,0,0,0
https://winequipments.com/blog/spares-price-list.html,25,1,0,1,1,0,1,0,1,0,0,0,0,0,0,0,1,0,0,0,0,1,0,0,0,2,0,0,0,0,0,0,0,0,0,0
https://winequipments.com/blog/types-of-cooling-tower.html,42,1,0,1,1,0,1,0,1,0,0,0,0,0,0,0,1,0,0,0,0,1,0,0,0,2,0,0,0,0,0,0,0,0,0,0
https://winequipments.com/blog/what-is-refrigerated-air-dryer.html,67,1,0,1,1,0,1,0,1,0,0,0,0,0,0,0,1,0,0,0,0,1,0,0,0,2,0,0,0,0,0,0,0,0,0,0
https://winequipments.com/blog/which-chiller-for-your-industry.html,55,1,0,1,1,0,1,0,1,0,0,0,0,0,0,0,1,0,0,0,0,1,0,0,0,2,0,0,0,0,0,0,0,0,0,0
https://winequipments.com/certifications.html,75,1,0,1,1,0,0,0,1,0,0,0,0,0,0,0,1,0,0,0,0,1,0,0,0,1,0,0,0,0,0,0,0,0,0,0
https://winequipments.com/contactus.html,73,1,0,1,1,0,0,0,1,0,0,0,0,0,0,0,1,0,0,0,0,1,0,0,0,1,0,0,0,0,0,0,0,0,0,0
https://winequipments.com/downloads.html,87,1,0,1,1,0,0,0,1,0,0,0,0,0,0,0,0,0,0,0,0,1,0,0,0,1,0,0,0,0,0,0,0,0,0,0
https://winequipments.com/downloads/automatic-drain-valves.pdf?v=f3e48a90690d,12,0,0,0,0,0,0,0,0,0,0,0,0,0,0,0,0,0,0,0,0,0,0,0,0,0,0,0,0,0,0,0,0,0,0,0
https://winequipments.com/downloads/closed-circuit-cooling-towers.pdf?v=295c7be55967,8,0,0,0,0,0,0,0,0,0,0,0,0,0,0,0,0,0,0,0,0,0,0,0,0,0,0,0,0,0,0,0,0,0,0,0
https://winequipments.com/downloads/desiccant-air-dryers.pdf?v=559e1a046826,12,0,0,0,0,0,0,0,0,0,0,0,0,0,0,0,0,0,0,0,0,0,0,0,0,0,0,0,0,0,0,0,0,0,0,0
https://winequipments.com/downloads/industrial-process-chillers.pdf?v=50e2089d17a6,10,0,0,0,0,0,0,0,0,0,0,0,0,0,0,0,0,0,0,0,0,0,0,0,0,0,0,0,0,0,0,0,0,0,0,0
https://winequipments.com/engineering-tools/,73,1,0,1,1,0,0,0,1,0,0,0,0,0,0,0,0,0,0,0,0,1,0,0,0,1,0,0,0,0,0,0,0,0,0,0
https://winequipments.com/engineering-tools/air-dryer-sizing.html,75,1,0,1,1,0,0,0,1,0,0,0,0,0,0,0,1,0,0,0,0,1,0,0,0,1,0,0,0,0,0,0,0,0,0,0
https://winequipments.com/engineering-tools/chiller-tonnage-calculator.html,75,1,0,1,1,0,0,0,1,0,0,0,0,0,0,0,1,0,0,0,0,1,0,0,0,1,0,0,0,0,0,0,0,0,0,0
https://winequipments.com/engineering-tools/cooling-tower-calculator.html,75,1,0,1,1,0,0,0,1,0,0,0,0,0,0,0,1,0,0,0,0,1,0,0,0,1,0,0,0,0,0,0,0,0,0,0
https://winequipments.com/industries/,85,1,0,1,1,0,0,0,1,0,0,0,0,0,0,0,0,0,0,0,0,1,0,0,0,1,0,0,0,0,0,0,0,0,0,0
https://winequipments.com/industries/automotive-cnc.html,52,1,0,1,1,0,0,0,1,0,0,0,0,0,0,0,1,0,0,0,0,1,0,0,0,1,0,0,0,0,0,0,0,0,0,0
https://winequipments.com/industries/cement-paper-sugar.html,53,1,0,1,1,0,0,0,1,0,0,0,0,0,0,0,1,0,0,0,0,1,0,0,0,1,0,0,0,0,0,0,0,0,0,0
https://winequipments.com/industries/diesel-gensets-power.html,43,1,0,1,1,0,0,0,1,0,0,0,0,0,0,0,1,0,0,0,0,1,0,0,0,1,0,0,0,0,0,0,0,0,0,0
https://winequipments.com/industries/food-dairy-beverage.html,58,1,0,1,1,0,0,0,1,0,0,0,0,0,0,0,1,0,0,0,0,1,0,0,0,1,0,0,0,0,0,0,0,0,0,0
https://winequipments.com/industries/hospitals-healthcare.html,35,1,0,1,1,0,0,0,1,0,0,0,0,0,0,0,1,0,0,0,0,1,0,0,0,1,0,0,0,0,0,0,0,0,0,0
https://winequipments.com/industries/pharma-chemical.html,63,1,0,1,1,0,0,0,1,0,0,0,0,0,0,0,1,0,0,0,0,1,0,0,0,1,0,0,0,0,0,0,0,0,0,0
https://winequipments.com/industries/plastic-molding.html,50,1,0,1,1,0,0,0,1,0,0,0,0,0,0,0,1,0,0,0,0,1,0,0,0,1,0,0,0,0,0,0,0,0,0,0
https://winequipments.com/industries/textile-mills.html,62,1,0,1,1,0,0,0,1,0,0,0,0,0,0,0,1,0,0,0,0,1,0,0,0,1,0,0,0,0,0,0,0,0,0,0
https://winequipments.com/llms.txt,-,0,0,0,0,0,0,0,0,0,0,0,0,0,0,0,0,0,0,0,0,0,0,0,0,0,0,0,0,0,0,0,0,0,0,0
https://winequipments.com/locations/,97,1,0,1,1,0,0,0,1,0,0,0,0,0,0,0,0,0,0,0,0,1,0,0,0,1,0,0,0,0,0,0,0,0,0,0
https://winequipments.com/locations/ahmedabad-cooling-towers.html,2,1,0,1,1,0,0,0,1,0,0,0,0,0,0,0,1,0,0,0,0,1,0,0,0,1,0,0,0,0,0,0,0,0,0,0
https://winequipments.com/locations/ahmedabad-heat-exchangers.html,2,1,0,1,1,0,0,0,1,0,0,0,0,0,0,0,1,0,0,0,0,1,0,0,0,1,0,0,0,0,0,0,0,0,0,0
https://winequipments.com/locations/ahmedabad-industrial-chillers.html,2,1,0,1,1,0,0,0,1,0,0,0,0,0,0,0,1,0,0,0,0,1,0,0,0,1,0,0,0,0,0,0,0,0,0,0
https://winequipments.com/locations/bangalore-compressed-air-dryers.html,2,1,0,1,1,0,0,0,1,0,0,0,0,0,0,0,1,0,0,0,0,1,0,0,0,1,0,0,0,0,0,0,0,0,0,0
https://winequipments.com/locations/bangalore-cooling-towers.html,2,1,0,1,1,0,0,0,1,0,0,0,0,0,0,0,1,0,0,0,0,1,0,0,0,1,0,0,0,0,0,0,0,0,0,0
https://winequipments.com/locations/bangalore-industrial-chillers.html,2,1,0,1,1,0,0,0,1,0,0,0,0,0,0,0,1,0,0,0,0,1,0,0,0,1,0,0,0,0,0,0,0,0,0,0
https://winequipments.com/locations/coimbatore-industrial-chillers.html,20,1,0,1,1,0,0,0,1,0,0,0,0,0,0,0,1,0,0,0,0,1,0,0,0,1,0,0,0,0,0,0,0,0,0,0
https://winequipments.com/locations/cooling-tower-manufacturers-in-coimbatore.html,75,1,0,1,1,0,0,0,1,0,0,0,0,0,0,0,1,0,0,0,0,1,0,0,0,1,0,0,0,0,0,0,0,0,0,0
https://winequipments.com/locations/erode-cooling-towers.html,5,1,0,1,1,0,0,0,1,0,0,0,0,0,0,0,1,0,0,0,0,1,0,0,0,1,0,0,0,0,0,0,0,0,0,0
https://winequipments.com/locations/gujarat-cooling-towers.html,2,1,0,1,1,0,0,0,1,0,0,0,0,0,0,0,1,0,0,0,0,1,0,0,0,1,0,0,0,0,0,0,0,0,0,0
https://winequipments.com/locations/hyderabad-cooling-towers.html,2,1,0,1,1,0,0,0,1,0,0,0,0,0,0,0,1,0,0,0,0,1,0,0,0,1,0,0,0,0,0,0,0,0,0,0
https://winequipments.com/locations/india-cooling-tower-manufacturer.html,7,1,0,1,1,0,0,0,1,0,0,0,0,0,0,0,1,0,0,0,0,1,0,0,0,1,0,0,0,0,0,0,0,0,0,0
https://winequipments.com/locations/india-water-chiller-manufacturer.html,3,1,0,1,1,0,0,0,1,0,0,0,0,0,0,0,1,0,0,0,0,1,0,0,0,1,0,0,0,0,0,0,0,0,0,0
https://winequipments.com/locations/mumbai-air-dryers.html,2,1,0,1,1,0,0,0,1,0,0,0,0,0,0,0,1,0,0,0,0,1,0,0,0,1,0,0,0,0,0,0,0,0,0,0
https://winequipments.com/locations/tamil-nadu-cooling-towers.html,5,1,0,1,1,0,0,0,1,0,0,0,0,0,0,0,1,0,0,0,0,1,0,0,0,1,0,0,0,0,0,0,0,0,0,0
https://winequipments.com/locations/tirupur-textile-air-dryers.html,5,1,0,1,1,0,0,0,1,0,0,0,0,0,0,0,1,0,0,0,0,1,0,0,0,1,0,0,0,0,0,0,0,0,0,0
https://winequipments.com/products/,72,1,0,1,1,0,0,0,1,0,0,0,0,0,0,0,0,0,0,0,0,1,0,0,0,1,0,0,0,0,0,0,0,0,0,0
https://winequipments.com/products/acid-cooling-chillers.html,80,1,0,1,1,0,0,0,1,0,0,0,0,0,0,0,1,0,0,0,0,1,0,0,0,1,0,1,0,0,0,0,0,0,0,0
https://winequipments.com/products/air-cooled-chillers.html,85,1,0,1,1,0,0,0,1,0,0,0,0,0,0,0,1,0,0,0,0,1,0,0,0,1,0,1,0,0,0,0,0,0,0,0
https://winequipments.com/products/air-receiver-tanks.html,85,1,0,1,1,0,0,0,1,0,0,0,0,0,0,0,1,0,0,0,0,1,0,0,0,1,0,1,0,0,0,0,0,0,0,0
https://winequipments.com/products/anodizing-chillers.html,82,1,0,1,1,0,0,0,1,0,0,0,0,0,0,0,1,0,0,0,0,1,0,0,0,1,0,1,0,0,0,0,0,0,0,0
https://winequipments.com/products/automatic-drain-valves.html,87,1,0,1,1,0,0,0,1,0,0,0,0,0,0,0,1,0,0,0,0,1,0,0,0,1,0,1,0,0,0,0,0,0,0,0
https://winequipments.com/products/closed-circuit-cooling-towers.html,93,1,0,1,1,0,0,0,1,0,0,0,0,0,0,0,1,0,0,0,0,1,0,0,0,1,0,1,0,0,0,0,0,0,0,0
https://winequipments.com/products/compressed-air-filters.html,87,1,0,1,1,0,0,0,1,0,0,0,0,0,0,0,1,0,0,0,0,1,0,0,0,1,0,1,0,0,0,0,0,0,0,0
https://winequipments.com/products/compressed-air-treatment.html,75,1,0,1,1,0,0,0,1,0,0,0,0,0,0,0,0,0,0,0,0,1,0,0,0,1,0,0,0,0,0,0,0,0,0,0
https://winequipments.com/products/condensing-units.html,77,1,0,1,1,0,0,0,1,0,0,0,0,0,0,0,1,0,0,0,0,1,0,0,0,1,0,1,0,0,0,0,0,0,0,0
https://winequipments.com/products/cooling-tower-fills.html,78,1,0,1,1,0,0,0,1,0,0,0,0,0,0,0,1,0,0,0,0,1,0,0,0,1,0,1,0,0,0,0,0,0,0,0
https://winequipments.com/products/cooling-towers.html,75,1,0,1,1,0,0,0,1,0,0,0,0,0,0,0,0,0,0,0,0,1,0,0,0,1,0,0,0,0,0,0,0,0,0,0
https://winequipments.com/products/desiccant-air-dryers.html,87,1,0,1,1,0,0,0,1,0,0,0,0,0,0,0,1,0,0,0,0,1,0,0,0,1,0,1,0,0,0,0,0,0,0,0
https://winequipments.com/products/fanless-cooling-towers.html,80,1,0,1,1,0,0,0,1,0,0,0,0,0,0,0,1,0,0,0,0,1,0,0,0,1,0,1,0,0,0,0,0,0,0,0
https://winequipments.com/products/ice-flake-machines.html,77,1,0,1,1,0,0,0,1,0,0,0,0,0,0,0,1,0,0,0,0,1,0,0,0,1,0,1,0,0,0,0,0,0,0,0
https://winequipments.com/products/industrial-aftercoolers.html,85,1,0,1,1,0,0,0,1,0,0,0,0,0,0,0,1,0,0,0,0,1,0,0,0,1,0,1,0,0,0,0,0,0,0,0
https://winequipments.com/products/industrial-process-chillers.html,92,1,0,1,1,0,0,0,1,0,0,0,0,0,0,0,1,0,0,0,0,1,0,0,0,1,0,1,0,0,0,0,0,0,0,0
https://winequipments.com/products/medical-scan-chillers.html,82,1,0,1,1,0,0,0,1,0,0,0,0,0,0,0,1,0,0,0,0,1,0,0,0,1,0,1,0,0,0,0,0,0,0,0
https://winequipments.com/products/milk-chillers.html,82,1,0,1,1,0,0,0,1,0,0,0,0,0,0,0,1,0,0,0,0,1,0,0,0,1,0,1,0,0,0,0,0,0,0,0
https://winequipments.com/products/moisture-separators.html,80,1,0,1,1,0,0,0,1,0,0,0,0,0,0,0,1,0,0,0,0,1,0,0,0,1,0,1,0,0,0,0,0,0,0,0
https://winequipments.com/products/process-cooling.html,75,1,0,1,1,0,0,0,1,0,0,0,0,0,0,0,0,0,0,0,0,1,0,0,0,1,0,0,0,0,0,0,0,0,0,0
https://winequipments.com/products/refrigerated-air-dryers.html,92,1,0,1,1,0,0,0,1,0,0,0,0,0,0,0,1,0,0,0,0,1,0,0,0,1,0,1,0,0,0,0,0,0,0,0
https://winequipments.com/products/round-cooling-towers.html,95,1,0,1,1,0,0,0,1,0,0,0,0,0,0,0,1,0,0,0,0,1,0,0,0,1,0,1,0,0,0,0,0,0,0,0
https://winequipments.com/products/shell-and-tube-heat-exchangers.html,82,1,0,1,1,0,0,0,1,0,0,0,0,0,0,0,1,0,0,0,0,1,0,0,0,1,0,1,0,0,0,0,0,0,0,0
https://winequipments.com/products/soda-chillers.html,83,1,0,1,1,0,0,0,1,0,0,0,0,0,0,0,1,0,0,0,0,1,0,0,0,1,0,1,0,0,0,0,0,0,0,0
https://winequipments.com/products/spare-parts-consumables.html,80,1,0,1,1,0,0,0,1,0,0,0,0,0,0,0,1,0,0,0,0,1,0,0,0,1,0,1,0,0,0,0,0,0,0,0
https://winequipments.com/products/square-cooling-towers.html,92,1,0,1,1,0,0,0,1,0,0,0,0,0,0,0,1,0,0,0,0,1,0,0,0,1,0,1,0,0,0,0,0,0,0,0
https://winequipments.com/robots.txt,-,0,0,0,0,0,0,0,0,0,0,0,0,0,0,0,0,0,0,0,0,0,0,0,0,0,0,0,0,0,0,0,0,0,0,0
https://winequipments.com/sitemap.html,100,1,0,1,1,0,0,0,1,0,0,0,0,0,0,0,0,0,0,0,0,1,0,0,0,1,0,0,0,0,0,0,0,0,0,0
https://winequipments.com/sitemap.xml,-,0,0,0,0,0,0,0,0,0,0,0,0,0,0,0,0,0,0,0,0,0,0,0,0,0,0,0,0,0,0,0,0,0,0,0
https://www.winequipments.com/,-,0,0,0,0,0,0,0,0,0,0,0,0,0,0,0,0,0,0,0,0,0,0,0,0,0,0,0,0,0,0,0,0,0,0,0
