Page URL,Page Title,ILR,Raw ILR,Unique Pageviews,Crawl Depth,HTTP Status Code,"Page (HTML) Load Time, sec",Schema.org (Microdata),Schema.org (JSON-LD),Open Graph,Twitter Cards,Microformats,Canonicalization,In sitemap,Incoming Internal Links,Outgoing Internal Links,Outgoing External Links,AMP link,Hreflang Links,Hreflang Issues,JS and CSS Number,"JS and CSS Size, KB",Issues,Description,Blocked AI search bots
https://winequipments.com/,"Air Dryers, Chillers & Cooling Towers, Coimbatore | Win",88,0.012743269450858173,n/a,0,200,0.034,0,1,1,1,0,Self-canonical,1,92,51,8,0,-,-,8,44,16,"win equipments manufactures refrigerated and desiccant air dryers, process chillers and frp cooling towers in coimbatore. iso 9001:2015, since 2008.",
https://winequipments.com/about.html,About Win Equipments | Coimbatore Manufacturer since 2008,87,0.01274136747834577,n/a,1,200,0.018,0,1,1,1,0,Self-canonical,1,91,49,9,0,-,-,3,29,18,"win equipments has built air dryers, process chillers and frp cooling towers at arasur, coimbatore since 2008. iso 9001:2015, 1,200+ installations.",
https://winequipments.com/blog.html,Compressed Air & Cooling Articles | Win Equipments,98,0.01277126527692266,n/a,1,200,0.026,0,1,1,1,0,Self-canonical,1,91,72,7,0,-,-,3,29,3,"practical guides from win equipments engineers on air dryers, iso 8573-1 air quality, sizing, installation, maintenance and troubleshooting.",
https://winequipments.com/blog/aftercooler-vs-air-dryer.html,Aftercooler vs Air Dryer: Do You Need Both? | Win,47,0.005960883281861735,n/a,2,200,0.018,0,1,1,1,0,Self-canonical,1,9,45,7,0,-,-,3,29,3,"what an aftercooler does, what a refrigerated air dryer does, and why most compressed air systems use both in sequence before the air reaches machines.",
https://winequipments.com/blog/air-cooled-vs-water-cooled-chiller.html,Air-Cooled vs Water-Cooled Chiller: Which to Choose | Win,48,0.005999177991307479,n/a,2,200,0.031,0,1,1,1,0,Self-canonical,1,11,46,7,0,-,-,3,29,3,"how air-cooled and water-cooled process chillers reject heat, how site ambient, an existing cooling tower, space and water decide which to buy.",
https://winequipments.com/blog/applications-textile-food.html,"Air Dryers for Textile, Food & Plastics Plants | Win",15,0.005459802696742871,n/a,2,200,0.018,0,1,1,1,0,Self-canonical,1,4,49,7,0,-,-,3,29,3,"why textile mills, food plants and plastics shops need dry compressed air, and which dryer, filters and drains suit each.",
https://winequipments.com/blog/automatic-drain-valve-guide.html,Automatic Drain Valve for Air Compressor: How to Choose,38,0.005800842199770973,n/a,2,200,0.018,0,1,1,1,0,Self-canonical,1,7,45,7,0,-,-,3,29,3,"automatic drain valve for an air compressor: timer, micro-controller, float and no-air-loss types, where to fit one, and how to choose.",
https://winequipments.com/blog/chiller-price-guide.html,Chiller Price in India (2026): Water and Process Chillers,30,0.005688626338108224,n/a,2,200,0.019,0,1,1,1,0,Self-canonical,1,6,45,7,0,-,-,3,29,3,"indicative 2026 prices for water and process chillers from a portable mini chiller to 10 tr, what changes the price, and how to get an exact quote.",
https://winequipments.com/blog/coil-cooling-towers-for-diesel-gensets.html,Coil Cooling Towers for Diesel Gensets | Win Equipments,18,0.005566340696176797,n/a,2,200,0.022,0,1,1,1,0,Self-canonical,1,6,45,7,0,-,-,3,29,3,"how a coil cooling tower (dry cooler) keeps diesel genset jacket water sealed, how it differs from an frp tower, and which wcc model suits your genset.",
https://winequipments.com/blog/compressed-air-dryer-guide.html,"Compressed Air Dryer Guide: Types, Dew Point, Sizing",33,0.005748065699833016,n/a,2,200,0.018,0,1,1,1,0,Self-canonical,1,6,49,7,0,-,-,3,29,3,"a plain guide to compressed air dryers for compressors: refrigerated and desiccant types, pressure dew point, iso 8573-1 classes and sizing corrections.",
https://winequipments.com/blog/cooling-tower-range-approach-wet-bulb.html,"Cooling Tower Range, Approach & Wet Bulb Explained | Win",60,0.006289731101224301,n/a,2,200,0.017,0,1,1,1,0,Self-canonical,1,16,45,7,0,-,-,3,29,3,"what range, approach and wet bulb mean for a cooling tower, how to calculate heat load in tr, choose the fill and estimate evaporation loss.",
https://winequipments.com/blog/cross-flow-vs-counter-flow-cooling-tower.html,Cross Flow vs Counter Flow Cooling Tower: Differences,28,0.005652586051528986,n/a,2,200,0.021,0,1,1,1,0,Self-canonical,1,6,45,7,0,-,-,3,29,3,"how cross flow and counter flow cooling towers differ in air path, fill, footprint and maintenance access, and what to ask when choosing a tower.",
https://winequipments.com/blog/frp-vs-coil-cooling-tower.html,FRP vs Coil Cooling Tower: Which to Choose | Win,40,0.005812742601343264,n/a,2,200,0.018,0,1,1,1,0,Self-canonical,1,8,46,7,0,-,-,3,29,3,"how frp evaporative towers and finned-coil cooling towers differ in cold water temperature, water loss and duty, and when to choose each one.",
https://winequipments.com/blog/glossary.html,Compressed Air & Cooling Glossary | Win Equipments,90,0.012745108585409821,n/a,1,200,0.021,0,1,1,1,0,Self-canonical,1,91,53,7,0,-,-,3,29,3,"plain definitions of pressure dew point, fad, tr, range, approach, wet bulb, iso 8573-1 and other compressed air and cooling terms.",
https://winequipments.com/blog/how-a-desiccant-air-dryer-works.html,Desiccant Air Dryer Working Principle & 3D Diagram | Win,32,0.005741938626345624,n/a,2,200,0.113,0,1,1,1,0,Self-canonical,1,7,46,7,0,-,-,5,38,3,"how a heatless desiccant air dryer works, with a labelled 3d diagram and video: twin towers, adsorption, purge, repressurise and the timer swap.",
https://winequipments.com/blog/how-a-process-chiller-works.html,"Chiller Working Principle, Parts & 3D Diagram | Win",57,0.006212772060130493,n/a,1,200,0.074,0,1,1,1,0,Self-canonical,1,14,45,7,0,-,-,5,38,3,"how a process chiller works, with a labelled 3d diagram and video: the water and refrigeration circuits, compressor, condenser, tank, pump and controls.",
https://winequipments.com/blog/how-to-choose-a-chiller.html,"How to Choose a Chiller: Duty, Cooling and Site Checks",22,0.005574983394201782,n/a,2,200,0.018,0,1,1,1,0,Self-canonical,1,5,45,7,0,-,-,3,29,3,"how to choose a water or process chiller: heat load, outlet and ambient correction, air or water cooling, the water side and what to send for a quote.",
https://winequipments.com/blog/how-to-choose-dryer.html,How to Size an Air Dryer: Correction Factors Guide,65,0.006669868444510356,n/a,2,200,0.021,0,1,1,1,0,Self-canonical,1,24,45,7,0,-,-,3,29,3,"why a 100 cfm compressor rarely needs just a 100 cfm dryer: how inlet temperature, ambient, pressure and dew point change dryer capacity.",
https://winequipments.com/blog/how-to-size-a-process-chiller.html,How to Size a Process Chiller: Worked Example,70,0.006886296534470197,n/a,2,200,0.018,0,1,1,1,0,Self-canonical,1,23,45,7,0,-,-,3,29,3,"work out process chiller capacity in tr from water flow and temperature rise, then correct it for outlet and ambient temperature, with a worked example.",
https://winequipments.com/blog/industrial-equipment-prices-india.html,"Chiller, Cooling Tower & Air Dryer Prices (2026) | Win",27,0.005638618608679782,n/a,2,200,0.021,0,1,1,1,0,Self-canonical,1,5,49,7,0,-,-,3,29,3,"indicative 2026 prices for process chillers, frp cooling towers, dry coolers, air dryers and receivers from win equipments, and what moves the price.",
https://winequipments.com/blog/iso-8573-1-compressed-air-purity-classes.html,ISO 8573-1 Air Purity Classes: Table & Equipment Guide,45,0.005867765862157457,n/a,2,200,0.039,0,1,1,1,0,Self-canonical,1,10,45,7,0,-,-,3,29,3,"the iso 8573-1:2010 purity classes for particles, water and oil, and which dryers and filters reach each class.",
https://winequipments.com/blog/key-benefits-refrigerated-air-dryers.html,Benefits of a Refrigerated Air Dryer | Win Equipments,13,0.005408092445822272,n/a,2,200,0.022,0,1,1,1,0,Self-canonical,1,3,45,7,0,-,-,3,29,3,"what a refrigerated air dryer does for a compressed air system: less corrosion, protected valves and tools, steadier product quality and lower risk.",
https://winequipments.com/blog/maintenance-tips-hot-climates.html,Refrigerated Air Dryer Maintenance Checklist | Win,13,0.005408092445822272,n/a,2,200,0.022,0,1,1,1,0,Self-canonical,1,3,46,7,0,-,-,3,29,3,"a practical maintenance routine for refrigerated air dryers in hot, dusty plants: drains, condenser cleaning, filters, dew point and bypass valves.",
https://winequipments.com/blog/moisture-separator-guide.html,Moisture Separator for Air Compressor: Where It Goes,37,0.005760998078366889,n/a,2,200,0.021,0,1,1,1,0,Self-canonical,1,6,48,7,0,-,-,3,29,3,"moisture separator for an air compressor: what it removes, where it sits after the aftercooler, and what to send us to have one engineered.",
https://winequipments.com/blog/refrigerated-vs-desiccant.html,Refrigerated vs Desiccant Air Dryer: Which to Choose,68,0.006783178798537759,n/a,2,200,0.025,0,1,1,1,0,Self-canonical,1,25,46,7,0,-,-,3,29,3,"the difference between refrigerated (+3 °c) and heatless desiccant (−20 °c / −40 °c) air dryers, and how to choose for your process.",
https://winequipments.com/blog/save-energy-reduce-costs.html,The Cost of Wet Compressed Air | Win Equipments,17,0.005466188143274776,n/a,2,200,0.024,0,1,1,1,0,Self-canonical,1,4,45,7,0,-,-,3,29,3,"how water in compressed air adds cost through corrosion, leaks, pressure drop, component wear and rejects, and how to get the treatment right.",
https://winequipments.com/blog/shell-and-tube-heat-exchanger-guide.html,Shell and Tube Heat Exchanger Types & Design Basics,23,0.005596160487191161,n/a,2,200,0.018,0,1,1,1,0,Self-canonical,1,5,45,7,0,-,-,3,29,3,"the main heat exchanger types, how a shell and tube heat exchanger works, what design information is needed, and what win equipments builds to order.",
https://winequipments.com/blog/spares-price-list.html,"Spares Price List: Cooling Tower, Dryer and Filter Spares",25,0.005638586046981847,n/a,2,200,0.018,0,1,1,1,0,Self-canonical,1,5,45,7,0,-,-,3,29,4,"listed prices for cooling tower fans, drift eliminators, dryer valves and fans, pressure switches, filter driers, refrigerant and filter elements.",
https://winequipments.com/blog/types-of-cooling-tower.html,"Types of Cooling Tower: Round, Square, Coil Explained",42,0.005835699570637062,n/a,2,200,0.018,0,1,1,1,0,Self-canonical,1,7,49,7,0,-,-,3,29,3,"the main cooling tower types, and the three that win equipments builds: round and square frp towers and coil (dry cooler) towers, with how to choose.",
https://winequipments.com/blog/what-is-refrigerated-air-dryer.html,What Is a Refrigerated Air Dryer? How It Works | Win,67,0.006781949058470587,n/a,2,200,0.039,0,1,1,1,0,Self-canonical,1,25,45,7,0,-,-,3,29,3,"how a refrigerated air dryer removes water from compressed air: pre-cooling, chilling to a +3 °c dew point, separating condensate and re-heating.",
https://winequipments.com/blog/which-chiller-for-your-industry.html,"Which Chiller for Your Industry: Plastics, Food, Dairy",55,0.006135569032706222,n/a,2,200,0.051,0,1,1,1,0,Self-canonical,1,9,46,7,0,-,-,3,29,3,"which win equipments chiller suits injection moulding, dairy, soda, oil cooling and other process industries, from our catalogue applications.",
https://winequipments.com/certifications.html,"Certifications: ISO 9001:2015 | Win Equipments, Coimbatore",75,0.012720794085601159,n/a,1,200,0.02,0,1,1,1,0,Self-canonical,1,91,41,8,0,-,-,3,29,3,win equipments is iso 9001:2015 certified with dac and iaf accreditation marks. how our chillers and air receivers are tested before dispatch.,
https://winequipments.com/contactus.html,"Contact Win Equipments, Arasur, Coimbatore",73,0.012718037172493727,n/a,1,200,0.018,0,1,1,1,0,Self-canonical,1,91,41,7,0,-,-,3,29,2,"contact win equipments, coimbatore: call or whatsapp +91 95972 28969, email info@winequipments.com, or visit our arasur works.",
https://winequipments.com/downloads.html,Catalogues & Technical Documents | Win Equipments,87,0.01274136747834577,n/a,1,200,0.036,0,1,1,1,0,Self-canonical,1,91,51,7,0,-,-,6,36,3,"find product brochures, model tables and selection guidance for win equipments. read specifications online, download pdfs or request a technical document.",
https://winequipments.com/downloads/automatic-drain-valves.pdf?v=f3e48a90690d,,12,0.0053811115515228995,n/a,2,200,0.066,0,0,0,0,0,-,0,2,0,0,0,-,-,0,0,0,-,
https://winequipments.com/downloads/closed-circuit-cooling-towers.pdf?v=295c7be55967,,8,0.005370583864011684,n/a,2,200,0.1,0,0,0,0,0,-,0,2,0,0,0,-,-,0,0,0,-,
https://winequipments.com/downloads/desiccant-air-dryers.pdf?v=559e1a046826,,12,0.0053811115515228995,n/a,2,200,0.035,0,0,0,0,0,-,0,2,0,0,0,-,-,0,0,0,-,
https://winequipments.com/downloads/industrial-process-chillers.pdf?v=50e2089d17a6,,10,0.005372200397883434,n/a,2,200,0.034,0,0,0,0,0,-,0,2,0,0,0,-,-,0,0,0,-,
https://winequipments.com/engineering-tools/,"Sizing Calculators: Dryers, Chillers, Towers | Win",73,0.012718037172493727,n/a,1,200,0.019,0,1,1,1,0,Self-canonical,1,91,41,7,0,-,-,3,29,3,"free calculators to size a compressed air dryer, process chiller or cooling tower from your duty, using the ratings in win equipments catalogues.",
https://winequipments.com/engineering-tools/air-dryer-sizing.html,Air Dryer Sizing Calculator (CFM) | Win Equipments,75,0.012720794085601159,n/a,1,200,0.019,0,1,1,1,0,Self-canonical,1,91,41,8,0,-,-,5,32,3,"size a refrigerated air dryer from compressor cfm, inlet and ambient temperature, pressure and dew point, using wrd catalogue correction factors.",
https://winequipments.com/engineering-tools/chiller-tonnage-calculator.html,Chiller TR Calculation Formula | Win Equipments,75,0.012720794085601159,n/a,1,200,0.022,0,1,1,1,0,Self-canonical,1,91,41,8,0,-,-,5,32,3,"work out the chiller capacity in tr from water flow and temperature rise, corrected for outlet and ambient temperature, and find the matching wcp model.",
https://winequipments.com/engineering-tools/cooling-tower-calculator.html,Cooling Tower Calculator: TR & Evaporation | Win,75,0.012720794085601159,n/a,1,200,0.019,0,1,1,1,0,Self-canonical,1,91,41,8,0,-,-,5,32,3,"calculate cooling tower heat load in tr, check the approach to wet bulb, choose the fill type and estimate evaporation loss, then find a wct tower.",
https://winequipments.com/industries/,"Industries We Serve | Win Equipments, Coimbatore",85,0.012737361681668724,n/a,1,200,0.023,0,1,1,1,0,Self-canonical,1,91,49,7,0,-,-,3,29,3,"air dryers, process chillers and cooling towers for plastics, textile, automotive, food, pharma, hospital, power and cement plants.",
https://winequipments.com/industries/automotive-cnc.html,Air Dryers & Chillers for CNC Machine Shops | Win,52,0.006067159990895011,n/a,1,200,0.022,0,1,1,1,0,Self-canonical,1,9,57,7,0,-,-,3,29,13,"refrigerated air dryers, process chillers and cooling towers for automotive plants and cnc machine shops. built by win equipments, coimbatore.",
https://winequipments.com/industries/cement-paper-sugar.html,Air Dryers & Cooling Towers for Cement & Sugar | Win,53,0.006119769936913024,n/a,1,200,0.057,0,1,1,1,0,Self-canonical,1,10,46,7,0,-,-,3,29,13,"compressed air dryers, process chillers and cooling towers for cement, paper and sugar plants. built by win equipments, coimbatore.",
https://winequipments.com/industries/diesel-gensets-power.html,Cooling Towers for Diesel Gensets & Power | Win,43,0.005858509921908773,n/a,1,200,0.018,0,1,1,1,0,Self-canonical,1,7,45,7,0,-,-,3,29,9,"coil cooling towers for diesel gensets 150–2000 kva, and frp cooling towers for power plant duties. built by win equipments, coimbatore.",
https://winequipments.com/industries/food-dairy-beverage.html,Chillers & Air Dryers for Food & Dairy | Win Equipments,58,0.006257111147854651,n/a,1,200,0.021,0,1,1,1,0,Self-canonical,1,11,45,7,0,-,-,3,29,13,"process chillers, ice flake machines, refrigerated air dryers and cooling towers for food, dairy and beverage plants. win equipments, coimbatore.",
https://winequipments.com/industries/hospitals-healthcare.html,MRI & CT Chillers for Hospitals | Win Equipments,35,0.005754184887415655,n/a,1,200,0.022,0,1,1,1,0,Self-canonical,1,6,45,7,0,-,-,3,29,7,"medical scan chillers for mri and ct equipment, plus frp and coil cooling towers for hospitals. built by win equipments, coimbatore.",
https://winequipments.com/industries/pharma-chemical.html,Chillers & Air Dryers for Pharma & Chemical | Win,63,0.006335633435139764,n/a,1,200,0.058,0,1,1,1,0,Self-canonical,1,16,54,7,0,-,-,3,29,9,"acid cooling chillers, refrigerated air dryers and cooling towers for pharmaceutical and chemical plants. built by win equipments, coimbatore.",
https://winequipments.com/industries/plastic-molding.html,Chillers & Cooling Towers for Plastics | Win Equipments,50,0.006017589749123257,n/a,1,200,0.018,0,1,1,1,0,Self-canonical,1,10,50,7,0,-,-,3,29,9,"process chillers and frp cooling towers for injection moulding, blow moulding and plastic machinery. built by win equipments, coimbatore.",
https://winequipments.com/industries/textile-mills.html,Air Dryers & Cooling Towers for Textile Mills | Win,62,0.006305489820935258,n/a,1,200,0.026,0,1,1,1,0,Self-canonical,1,13,48,7,0,-,-,3,29,11,"refrigerated air dryers, frp cooling towers and coil cooling towers for spinning, weaving and knitting mills. built by win equipments, coimbatore.",
https://winequipments.com/llms.txt,,-,-,n/a,0,200,0.019,0,0,0,0,0,-,0,0,-,-,0,-,-,-,-,0,-,
https://winequipments.com/locations/,Areas We Supply Across India | Win Equipments,97,0.01277020413338132,n/a,1,200,0.02,0,1,1,1,0,Self-canonical,1,91,71,7,0,-,-,3,29,3,"win equipments builds air dryers, chillers, cooling towers and heat exchangers in coimbatore and supplies plants across india. find your city.",
https://winequipments.com/locations/ahmedabad-cooling-towers.html,Cooling Tower Manufacturer in Ahmedabad | Win Equipments,2,0.005348291968848362,n/a,2,200,0.072,0,1,1,1,0,Self-canonical,1,3,43,8,0,-,-,3,29,12,"frp round and square cooling towers (10–300 tr) and coil towers from win equipments, supplied to ahmedabad plants. send your duty for a quote.",
https://winequipments.com/locations/ahmedabad-heat-exchangers.html,Heat Exchanger Manufacturer in Ahmedabad | Win Equipments,2,0.005348291968848362,n/a,2,200,0.076,0,1,1,1,0,Self-canonical,1,3,43,8,0,-,-,3,29,12,"shell and tube heat exchangers engineered to order at arasur, coimbatore and supplied to ahmedabad plants. send fluids, flows and temperatures for a quote.",
https://winequipments.com/locations/ahmedabad-industrial-chillers.html,Industrial Chiller Manufacturer in Ahmedabad | Win,2,0.005348291968848362,n/a,2,200,0.03,0,1,1,1,0,Self-canonical,1,3,43,8,0,-,-,3,29,12,"wcp process chillers from 0.5 to 20 tr and engineered chillers for ahmedabad plants, built by win equipments, coimbatore. send your duty for a quote.",
https://winequipments.com/locations/bangalore-compressed-air-dryers.html,Compressed Air Dryers for Bengaluru | Win Equipments,2,0.005348291968848362,n/a,2,200,0.022,0,1,1,1,0,Self-canonical,1,3,43,7,0,-,-,3,29,11,"refrigerated and desiccant air dryers, filters and drains for bengaluru's engineering, electronics and pharma plants, built by win equipments, coimbatore.",
https://winequipments.com/locations/bangalore-cooling-towers.html,Cooling Tower Manufacturer in Bengaluru | Win Equipments,2,0.005348291968848362,n/a,2,200,0.018,0,1,1,1,0,Self-canonical,1,3,43,7,0,-,-,3,29,12,"frp round and square cooling towers (10–300 tr) and coil towers from win equipments, supplied to bengaluru plants. send your duty for a quotation.",
https://winequipments.com/locations/bangalore-industrial-chillers.html,Industrial Chiller Manufacturer in Bangalore | Win,2,0.005348291968848362,n/a,2,200,0.022,0,1,1,1,0,Self-canonical,1,3,43,7,0,-,-,3,29,15,"wcp industrial process chillers, 0.5–20 tr, built at arasur, coimbatore, supplied to bangalore and bengaluru plants. send tr and temperature for a quote.",
https://winequipments.com/locations/coimbatore-industrial-chillers.html,Industrial Chiller Manufacturers in Coimbatore | Win,20,0.0055707358109110825,n/a,2,200,0.02,0,1,1,1,0,Self-canonical,1,5,43,7,0,-,-,3,29,12,"chiller manufacturers in coimbatore: wcp industrial chillers from 0.5 to 20 tr, air or water cooled, built at our arasur works. send your duty for a quote.",
https://winequipments.com/locations/cooling-tower-manufacturers-in-coimbatore.html,Cooling Tower Manufacturers in Coimbatore | Win Equipments,75,0.012720794085601159,n/a,1,200,0.056,0,1,1,1,0,Self-canonical,1,91,42,7,0,-,-,3,29,12,"frp round and square cooling towers (10–300 tr) and coil cooling towers made at our works in arasur, coimbatore. send your duty for a quotation.",
https://winequipments.com/locations/erode-cooling-towers.html,FRP Cooling Towers for Erode Industries | Win Equipments,5,0.005353878999572149,n/a,2,200,0.023,0,1,1,1,0,Self-canonical,1,3,43,7,0,-,-,3,29,12,"round and square frp cooling towers, 10 to 300 tr, and coil cooling towers for erode's textile, processing and engineering units. built in coimbatore.",
https://winequipments.com/locations/gujarat-cooling-towers.html,Cooling Tower Manufacturer in Gujarat | Win Equipments,2,0.005348291968848362,n/a,2,200,0.022,0,1,1,1,0,Self-canonical,1,3,43,8,0,-,-,3,29,12,"frp round and square cooling towers (10–300 tr) and coil towers from win equipments, supplied across gujarat. send your duty for a quotation.",
https://winequipments.com/locations/hyderabad-cooling-towers.html,Cooling Tower Manufacturer in Hyderabad | Win Equipments,2,0.005348291968848362,n/a,2,200,0.061,0,1,1,1,0,Self-canonical,1,3,43,8,0,-,-,3,29,12,"frp round and square cooling towers (10–300 tr) and coil towers from win equipments, supplied to hyderabad plants. send your duty for a quotation.",
https://winequipments.com/locations/india-cooling-tower-manufacturer.html,Cooling Tower Manufacturer in India | Win Equipments,7,0.005354284533499211,n/a,2,200,0.021,0,1,1,1,0,Self-canonical,1,3,43,8,0,-,-,3,29,12,"frp round and square cooling towers (10–300 tr) and coil cooling towers (40–280 tr) made by win equipments, coimbatore. send your duty for a quote.",
https://winequipments.com/locations/india-water-chiller-manufacturer.html,Water Chiller Manufacturer in India | Win Equipments,3,0.005349168791608335,n/a,2,200,0.02,0,1,1,1,0,Self-canonical,1,3,43,8,0,-,-,3,29,10,"wcp industrial water chillers, 0.5–20 tr, air or water cooled, made by win equipments, coimbatore. send your tr and temperature for a quotation.",
https://winequipments.com/locations/mumbai-air-dryers.html,Compressed Air Dryers for Mumbai Plants | Win Equipments,2,0.005348291968848362,n/a,2,200,0.022,0,1,1,1,0,Self-canonical,1,3,43,7,0,-,-,3,29,11,"refrigerated and desiccant air dryers, filters and drains built by win equipments, coimbatore and supplied to mumbai plants. send your cfm for a quote.",
https://winequipments.com/locations/tamil-nadu-cooling-towers.html,Cooling Tower Manufacturer in Tamil Nadu | Win Equipments,5,0.005353878999572149,n/a,2,200,0.02,0,1,1,1,0,Self-canonical,1,3,43,8,0,-,-,3,29,12,frp round and square cooling towers (10–300 tr) and coil towers made in coimbatore by win equipments and supplied across tamil nadu. get a quote.,
https://winequipments.com/locations/tirupur-textile-air-dryers.html,Air Dryers for Tiruppur Textile Mills | Win Equipments,5,0.005353878999572149,n/a,2,200,0.021,0,1,1,1,0,Self-canonical,1,3,43,7,0,-,-,3,29,11,"refrigerated air dryers, filters and drains for tiruppur knitting, garment and textile units, built and commissioned from our arasur works near coimbatore.",
https://winequipments.com/products/,"Air Dryers, Chillers & Cooling Towers | Win Equipments",72,0.008555184867049844,n/a,1,200,0.022,0,1,1,1,0,Self-canonical,1,29,42,7,0,-,-,4,30,4,"all win equipments products: refrigerated and desiccant air dryers, filters, drain valves, air receivers, process chillers and frp cooling towers.",
https://winequipments.com/products/acid-cooling-chillers.html,"Acid Cooling Chillers, Coimbatore | Win Equipments",80,0.012728435099811896,n/a,1,200,0.022,0,1,1,1,0,Self-canonical,1,91,44,8,0,-,-,5,31,4,"chillers for acids and corrosive process fluids, engineered to order by win equipments, coimbatore. share the fluid, concentration and heat load.",
https://winequipments.com/products/air-cooled-chillers.html,"Air Cooled Chiller Manufacturer, 0.5–15 TR | Win",85,0.012737361681668724,n/a,1,200,0.018,0,1,1,1,0,Self-canonical,1,91,47,9,0,-,-,5,31,7,"air-cooled water chillers with built-in tank and pump, 0.5 to 15 tr, made by win equipments, coimbatore. no cooling tower needed. 1 tr from ₹55,000.",
https://winequipments.com/products/air-receiver-tanks.html,"Air Receiver Tank Manufacturer, 250–10,000 L | Win",85,0.012737361681668724,n/a,1,200,0.037,0,1,1,1,0,Self-canonical,1,91,47,9,0,-,-,5,31,5,"air receiver tank manufacturer in coimbatore: wrv receivers, 250–10,000 litres, 7 to 12.5 bar g, hydrostatically tested, asme viii on request.",
https://winequipments.com/products/anodizing-chillers.html,Anodizing & Electroplating Chillers | Win Equipments,82,0.012730791800919256,n/a,1,200,0.084,0,1,1,1,0,Self-canonical,1,91,45,8,0,-,-,5,31,3,"chillers for anodizing and electroplating bath cooling, engineered to order by win equipments, coimbatore. share your bath chemistry and heat load.",
https://winequipments.com/products/automatic-drain-valves.html,Automatic Drain Valves for Air Compressors | Win Equipments,87,0.01274136747834577,n/a,1,200,0.021,0,1,1,1,0,Self-canonical,1,91,49,9,0,-,-,5,31,4,"automatic drain valves for air compressors, receivers and dryers: wdv timer, micro-controller and no-air-loss types, up to 1000 cfm. coimbatore.",
https://winequipments.com/products/closed-circuit-cooling-towers.html,"Coil Cooling Towers & Dry Coolers, 40–280 TR | Win",93,0.012751895165856984,n/a,1,200,0.017,0,1,1,1,0,Self-canonical,1,91,55,9,0,-,-,5,31,7,"wcc finned-coil dry cooling towers, 40–280 tr, for diesel gensets 150–2000 kva and closed process loops. made by win equipments, coimbatore.",
https://winequipments.com/products/compressed-air-filters.html,"Compressed Air Filters, 40–1700 CFM | Win Equipments",87,0.01274136747834577,n/a,1,200,0.033,0,1,1,1,0,Self-canonical,1,91,49,9,0,-,-,5,31,3,"wmf coalescing compressed air filters, 40–1700 cfm, gp, zp, zo and zc grades to iso 8573-1, up to 30 bar g. win equipments, coimbatore.",
https://winequipments.com/products/compressed-air-treatment.html,Compressed Air Treatment Equipment | Win Equipments,75,0.012720794085601159,n/a,1,200,0.023,0,1,1,1,0,Self-canonical,1,91,42,7,0,-,-,3,29,3,"refrigerated and desiccant air dryers, compressed air filters, drain valves, air receivers and aftercoolers manufactured by win equipments, coimbatore.",
https://winequipments.com/products/condensing-units.html,Refrigeration Condensing Units | Win Equipments,77,0.012723441890807161,n/a,1,200,0.021,0,1,1,1,0,Self-canonical,1,91,42,8,0,-,-,5,31,6,"refrigeration condensing units with compressor, condenser and controls on one base, assembled to order by win equipments, coimbatore.",
https://winequipments.com/products/cooling-tower-fills.html,Cooling Tower Fills: PVC Sheet Fills | Win Equipments,78,0.012725986939586747,n/a,1,200,0.023,0,1,1,1,0,Self-canonical,1,91,42,9,0,-,-,5,31,7,"pvc cooling tower fills (600 × 300 × 150 mm), drift eliminators, spray nozzles, pp rings and fan blades from win equipments, coimbatore.",
https://winequipments.com/products/cooling-towers.html,"FRP & Coil Cooling Towers, Coimbatore | Win Equipments",75,0.012720794085601159,n/a,1,200,0.056,0,1,1,1,0,Self-canonical,1,91,42,7,0,-,-,3,29,3,"round and square frp cooling towers 10–300 tr and coil cooling towers 40–280 tr, plus cooling tower spares. manufactured by win equipments, coimbatore.",
https://winequipments.com/products/desiccant-air-dryers.html,"Desiccant Air Dryers, 300–2000 CFM | Win Equipments",87,0.01274136747834577,n/a,1,200,0.039,0,1,1,1,0,Self-canonical,1,91,49,9,0,-,-,7,41,8,"whd heatless desiccant compressor air dryers, 300–2000 cfm, −20 °c to −40 °c pressure dew point. win equipments, coimbatore.",
https://winequipments.com/products/fanless-cooling-towers.html,Fanless Cooling Tower Manufacturer | Win Equipments,80,0.012728435099811896,n/a,1,200,0.022,0,1,1,1,0,Self-canonical,1,91,43,9,0,-,-,5,31,3,"fanless natural draft cooling towers for hot water at 75–90 °c from gensets, furnaces and compressors. no fan motor. engineered to order by win equipments.",
https://winequipments.com/products/ice-flake-machines.html,"Ice Flake Machines, Coimbatore | Win Equipments",77,0.012723441890807161,n/a,1,200,0.018,0,1,1,1,0,Self-canonical,1,91,42,8,0,-,-,5,31,4,"industrial ice flake machines engineered to order by win equipments, coimbatore. share your daily ice requirement and application for sizing.",
https://winequipments.com/products/industrial-aftercoolers.html,"Compressed Air Aftercoolers, Coimbatore | Win Equipments",85,0.012737361681668724,n/a,1,200,0.037,0,1,1,1,0,Self-canonical,1,91,47,9,0,-,-,7,36,14,"air-cooled compressed air aftercoolers with moisture separator, built by win equipments, coimbatore. share compressor capacity and discharge temperature.",
https://winequipments.com/products/industrial-process-chillers.html,Water Chiller and Industrial Chiller Manufacturer | Win,92,0.012750278631985234,n/a,1,200,0.072,0,1,1,1,0,Self-canonical,1,91,54,9,0,-,-,7,41,17,"water chiller machines and industrial chillers, 0.5–20 tr, air or water cooled, with stainless steel tank and pump. made by win equipments, coimbatore.",
https://winequipments.com/products/medical-scan-chillers.html,"MRI & CT Scan Chillers, Coimbatore | Win Equipments",82,0.012730791800919256,n/a,1,200,0.02,0,1,1,1,0,Self-canonical,1,91,45,8,0,-,-,5,31,3,"process chillers for mri and ct imaging equipment, engineered to order by win equipments, coimbatore. share your scanner's cooling requirement for sizing.",
https://winequipments.com/products/milk-chillers.html,Milk Chiller Plants & Coconut Water Chillers | Win,82,0.012730791800919256,n/a,1,200,0.021,0,1,1,1,0,Self-canonical,1,91,45,8,0,-,-,5,31,5,"milk chiller plants and coconut water chillers, engineered to order by win equipments, coimbatore. share volume and temperatures.",
https://winequipments.com/products/moisture-separators.html,Moisture Separators for Air Compressors | Win Equipments,80,0.012728435099811896,n/a,1,200,0.021,0,1,1,1,0,Self-canonical,1,91,43,9,0,-,-,5,31,4,"compressed air moisture separators made in coimbatore, fitted after the aftercooler to remove condensed water. send flow, pressure and pipe size.",
https://winequipments.com/products/process-cooling.html,Chiller Manufacturers in India | Win Equipments,75,0.012720794085601159,n/a,1,200,0.053,0,1,1,1,0,Self-canonical,1,91,42,7,0,-,-,3,29,3,"process chillers from 0.5 to 20 tr, engineered chillers, heat exchangers and condensing units, built by win equipments in coimbatore.",
https://winequipments.com/products/refrigerated-air-dryers.html,Refrigerated Air Dryer Manufacturer | Win Equipments,92,0.012750278631985234,n/a,1,200,0.02,0,1,1,1,0,Self-canonical,1,91,54,9,0,-,-,5,31,7,"refrigerated compressed air dryer manufacturer in coimbatore: wrd dryers, 10–2000 cfm, +3°c pressure dew point, 3–16 bar g inlet.",
https://winequipments.com/products/round-cooling-towers.html,FRP Round Cooling Tower Manufacturer | Win Equipments,95,0.012756457536380456,n/a,1,200,0.018,0,1,1,1,0,Self-canonical,1,91,58,9,0,-,-,7,41,8,"wct round frp bottle-type cooling towers, 10–300 tr, outlet water at wet bulb + 4 °c. manufactured by win equipments, coimbatore.",
https://winequipments.com/products/shell-and-tube-heat-exchangers.html,Shell & Tube Heat Exchanger Manufacturer | Win Equipments,82,0.012730791800919256,n/a,1,200,0.022,0,1,1,1,0,Self-canonical,1,91,44,9,0,-,-,5,31,5,"shell and tube heat exchanger manufacturer in coimbatore: engineered to order. share both fluids, flows and temperatures for sizing and a quotation.",
https://winequipments.com/products/soda-chillers.html,Soda Chillers for Beverage Plants | Win Equipments,83,0.01273306207410831,n/a,1,200,0.02,0,1,1,1,0,Self-canonical,1,91,45,9,0,-,-,5,31,5,"soda chillers for carbonated drinks and beverage plants, engineered to order by win equipments, coimbatore. share output and temperatures.",
https://winequipments.com/products/spare-parts-consumables.html,"Cooling Tower, Chiller & Dryer Spares | Win Equipments",80,0.012728435099811896,n/a,1,200,0.021,0,1,1,1,0,Self-canonical,1,91,44,8,0,-,-,5,31,3,"spares for cooling towers (fills, drift eliminators, sprinklers, motors, fans) and refrigeration (compressors, condensers, valves, filters).",
https://winequipments.com/products/square-cooling-towers.html,FRP Square Cooling Tower Manufacturer | Win Equipments,92,0.012750278631985234,n/a,1,200,0.033,0,1,1,1,0,Self-canonical,1,91,54,9,0,-,-,5,31,11,"wct square frp cooling towers, 10–300 tr, spray-nozzle distribution and drift eliminators, outlet at wet bulb + 4 °c. win equipments, coimbatore.",
https://winequipments.com/robots.txt,,-,-,n/a,0,200,0.051,0,0,0,0,0,-,0,0,-,-,0,-,-,-,-,0,-,n/a
https://winequipments.com/sitemap.html,Sitemap | Win Equipments,100,0.012797724973602088,n/a,1,200,0.023,0,1,1,1,0,Self-canonical,1,91,111,5,0,-,-,3,29,1,"every page on the win equipments website: products, industries, sizing tools, articles, locations and company information.",
https://winequipments.com/sitemap.xml,,-,-,n/a,0,200,0.018,0,0,0,0,0,-,0,0,-,-,0,-,-,-,-,0,-,
https://www.winequipments.com/,,-,0.0,n/a,0,301,0.017,0,0,0,0,0,-,0,0,1,0,0,-,-,0,0,0,-,
