path,bytes,sha256
README.md,11978,e22452a8df6e658ffbc3a64599285a326af435c9adf2314a4dc9b9f543fa28ca
ga4/ga4_channel_by_date.csv,695,36844981f0a50d083749d7b360b9775ca81e06b846ad396a3c64adb8bccf7949
ga4/ga4_events_by_channel.csv,1186,4387c473c8ffff426af8c84b43f2a274bc04bb8d8111d61c3523ec5b070a0d06
ga4/ga4_landing_pages_by_channel.csv,2190,c56f36525acb9fc17c5ec88d2e6835b6b4d2c7adee7a130f77e12b84c89f8494
keyword_research/KEYWORD_RESEARCH_AND_FORECAST.md,17668,5b181224a00497b8820765016c565918f145f0b64519931e5eee48218595c761
keyword_research/google_autosuggest_expand.py,2529,5221f79aba41c4ee2cdc5791effb65326f2a014c21dca2cbf965561ded4676c1
keyword_research/google_autosuggest_raw_2026-10-10.csv,475666,cd7ecbaaa0b7f2b0a6e637c68b20e88b437ef58f0a9fb38da4d59da23f3f7c27
keyword_research/google_autosuggest_relevant_2026-10-10.csv,271693,f2834287c77900721f71eebdee32ceacdcfda57142426da5f8f3ae7fff5b6c36
keyword_research/keyword_candidates.txt,15644,f1b5b8fd72cb034bc69428dbf7779923f02da479522f5bb59cd7e8d0986bae4c
keyword_research/keyword_planner_volumes.csv,12693,70ec6b8a6fcf4e08ca2ba4a837f0aa8ac5ab42a1db330c511f8a29b63a0765af
keyword_research/niche_keywords_2026-10-09.csv,2410,8a746672119e8f8544c2b48128fce84d13d8adf88101b6ccec06632c71272035
keyword_research/semrush_buyer_phrase_volumes_2026-10-10.csv,9283,00b64178456c2dd7d9e634b5900ba0944404e85cc452f629710ba0606837837e
keyword_research/semrush_component_volumes_2026-10-10.csv,889,2c6c3d662e2bd018f3f4944537018947478a278e0e943588ec8613430f1a4748
keyword_research/semrush_keyword_batches_2026-10-09_10.csv,4480,d5c8756d580267eac3c22d7557608d1794b527c2f5d0db7994291292b250f528
keyword_research/semrush_volumes.csv,8238,dd7c2bce1246d0063ab651b6c80bbb0986186bd56dc72d214a2d19859f3149ec
plans_and_reports/CHILLER_5_PHASE_PLAN_2026-10-09.md,5557,0dcb5903deb41269dc1657fc100a5d04cea280d52c6e616f5445680dee181dab
plans_and_reports/CHILLER_KPI_TRACKER.md,2001,82b4ea675f15a022e3d5680f08c9b554f91eb0a45b17ae2e646c3f1f4974a47f
plans_and_reports/CHILLER_MASTER_PLAN_2026-10-09.md,9422,7999566bb699316736dd63f7573bea3d89fabfb72dbe916315763385ee2dfe0f
plans_and_reports/CHILLER_STRATEGY_2026-10-09.md,7172,db1d4cbf288e09cc855a17c78dfe52b719c0fe3f1f52505b7a3676096cb7a8e6
plans_and_reports/CUSTOMER_SEARCH_RESEARCH_2026-10-10.md,11941,163de5b32d005e3d2697fde9a4a5a2a161a269499a45a9a6428a58227d4ff177
plans_and_reports/IMPROVEMENT_PLAN_OCT2026.md,12459,ac2e1aa9fe1720c012575c41d8dbc3bfa5ee5c0af2c9bedb2465b1791e8ecdb7
plans_and_reports/INDEXING_QUEUE.md,1222,f1dfd8593f75e9bf05a454faa4275507e35226940ec3a6c8d85d263a72f59d0d
plans_and_reports/JUSTDIAL_CATALOGUE_FIX.md,4889,81ea02b1f999a3cf034328eeae2b1b8ae9a4a1ecfcfe136c709ed35eaa377d98
plans_and_reports/NICHE_DEEP_ANALYSIS_2026-10-09.md,7776,39d54948a0f90797d614517fd44bbdf4a1b46b7c729147f20b1834f7d9e9e4ae
plans_and_reports/SEO_AUDIT_2026-10-06.md,8855,9716097f825aec8205dd2bdc10b88e70d19111e2a4c013c681027b23a0d85bbc
plans_and_reports/SEO_PROGRESS_2026-10-09.md,8876,1237f07775e7a6b7760f0089f01c168740cb1609b0e2a19ffbf3c9975b349560
plans_and_reports/chiller_baseline_2026-10-09.csv,3316,beb9ee309a4d928f8c1a5c456b1db94ac0dc2d7cae6b05dff85b0aa7b3ed8763
plans_and_reports/chiller_check.py,2214,7b0056d2fb8c086c3490145a5e98e76b1e89627f252923e155c5b1ff98a0f45d
plans_and_reports/chiller_check_2026-10-10.csv,3316,beb9ee309a4d928f8c1a5c456b1db94ac0dc2d7cae6b05dff85b0aa7b3ed8763
search_console/gsc_country.csv,828,44948464d572b881664ae6efeb6787c6ae6a06cecf77f4d7ca8caf15d8b8b480
search_console/gsc_daily_totals.csv,185,53a09c535ecadc89eac57032fe7b623523eccc29fceb632905777a7d7907cf85
search_console/gsc_device.csv,113,175f7756e13c8c46951697ee4899039c3445c79bf7b0a84eba4704df34db16ce
search_console/gsc_page_totals.csv,5457,9a05e4fba7e69f4ff5605652d27bc62da7a741a33dd40eb1e8ac6763c5307605
search_console/gsc_query_page_1sep_10oct.csv,19271,f379a87f8d16f48f4905e6c05062068928bc20f0ab91f977b18365889620043b
search_console/url_inspection_key_pages_2026-10-10.csv,4575,58aca5c24b4db2cc926f06b8de14d325ce35e593a2207aab553e2ccc0718abaa
semrush/SEMRUSH_TRIAL_SNAPSHOT_2026-10-05.md,3958,258f5a516a6ddd92ffefcee011dfe9e6e554a6974b499492e328710b6ebce7b9
semrush/Semrush-Position_Tracking__Landscape_(organic)-winequipments_com-10th_Oct_2026.pdf,288221,fef10e9f283f4a467bfce6d143c76b96b9159ce4187b80da294bcc318c5f1614
semrush/Semrush-Site_Audit__Full_Report-winequipments_com-10th_Oct_2026.pdf,1429507,029a7252d9bcecf0eeef22a9e1df9e09813fc5e98bf68a45dbc62c02f5421c86
semrush/Semrush-Site_Audit__Overview-winequipments_com-10th_Oct_2026.pdf,150382,480e193fd57fcb44eb26a64d71e8de2ce2c532a459141098db6f339a12338931
semrush/semrush_backlinks_overview_2026-10-10.csv,145,96fb5ed1b6ea46a8f4bd2d16a292ab752733140bd7e6815262a87337e6bb03e0
semrush/semrush_competitors_2026-10-05.csv,5425,bab4a6a7a0cb379cffb479426bb6d735127dba0f814ebcf48daebef46790ace7
semrush/semrush_domain_rank_2026-10-10.csv,124,02a73e876e816cc82056e9e25d662e9f07e2d795e7bfdd75793ab258b4240bd9
semrush/semrush_organic_keywords_2026-10-10.csv,1194,348e6d58221cdacbbe43ed584b755e03cf417ea972d2a30afed0761eece6b823
semrush/semrush_position_tracking_2026-10-05.csv,2394,97740e411902c35724b886208c44c3c55a757dbb1818e1468cf5b3c76923d7f7
semrush/semrush_position_tracking_2026-10-07.csv,821,ac2ecf28bdd9f69528a87f83113e8734f8e374a253137fc7afa3f9e8e978ef8a
semrush/semrush_spam_refdomains_newest50_2026-10-10.csv,3174,90181c654f25dd5320531e99d56d638e0b7be4677ee52027a52886b3b06fb990
semrush/semrush_winequipments_2026-10-05.csv,955,bd8b341bdc3c09f3f676cce44683d4160473a716ca16da851518967a0ba6649b
site_audit/winequipments.com_compare-audits_20261010.csv,4466,678cdba3d67710a70bc8737be7bdaacf241c84f986e62d3b6d54c819a46bcdbe
site_audit/winequipments.com_issues_20261010.csv,4721,b594da269382b8df72bc5b3cbf5983379876d997b8e3c01c5e70981dff283565
site_audit/winequipments.com_mega_export_20261010.csv,29171,3503af1a5e3a669eb00e3ff3bc8a9287c465fb77fcf14192a5fde2acd189dff1
site_audit/winequipments.com_pages_20261010.csv,33703,1d2d72c0716995a71c321add250357b8c037d635fb83d18489d761afae2dff3c
site_audit/winequipments.com_pages_structured_data_20261010.csv,14096,173fd2308d560c6e9ef81856070e6daefdaf7306b3c8562c7023937bd23bd5ad
